﻿Turnier;Saison;Liga;Runde;Brett;Team_Weiss;Weiss;Elo_Weiss;Team_Schwarz;Schwarz;Elo_Schwarz;Ergebnis
BMM;2025/26;Bereichsliga Süd 3;1;1;SC Heitersheim 2;Prof. Wiedemann, Harald;1860;SG Schopfheim 1;Schleith, Stefan;1894;"=""0 - 2"""
BMM;2025/26;Bereichsliga Süd 3;1;2;SG Schopfheim 1;Steen, Matthias;1855;SC Heitersheim 2;Gkegkas, Viktor;1815;"=""2 - 0"""
BMM;2025/26;Bereichsliga Süd 3;1;3;SC Heitersheim 2;Dr. Spitzer, Martin;1796;SG Schopfheim 1;Bauer, Stefan;1753;"=""2 - 0"""
BMM;2025/26;Bereichsliga Süd 3;1;4;SG Schopfheim 1;Bernwallner, Stefan;1738;SC Heitersheim 2;Vilain, Philip;1733;"=""0 - 2"""
BMM;2025/26;Bereichsliga Süd 3;1;5;SC Heitersheim 2;Prill, Gerhard;1735;SG Schopfheim 1;Berger, Roland;1694;"=""1 - 1"""
BMM;2025/26;Bereichsliga Süd 3;1;6;SG Schopfheim 1;Gsell, Richard;1580;SC Heitersheim 2;Puchta, Dieter;1862;"=""0 - 2"""
BMM;2025/26;Bereichsliga Süd 3;1;7;SC Heitersheim 2;Kösem, Akin;1355;SG Schopfheim 1;Burkhard, Peter;1113;"=""1 - 1"""
BMM;2025/26;Bereichsliga Süd 3;1;8;SG Schopfheim 1;Bähr, Wolfgang;1484;SC Heitersheim 2;;;"=""6 - 4"""
BMM;2025/26;Bereichsliga Süd 3;1;1;SC Brombach 4;Kellner, Ingo Johann;1434;SC Sölden 1;Dr. Bath, Peter;1843;"=""0 - 2"""
BMM;2025/26;Bereichsliga Süd 3;1;2;SC Sölden 1;Trifonov, Vladimir;1402;SC Brombach 4;Loui, Henning;1262;"=""0 - 2"""
BMM;2025/26;Bereichsliga Süd 3;1;3;SC Brombach 4;Pross, Bernd;1370;SC Sölden 1;Backhaus, Eric;1515;"=""2 - 0"""
BMM;2025/26;Bereichsliga Süd 3;1;4;SC Sölden 1;Yazvytskyi, Jurii;1428;SC Brombach 4;Hoppe, Tobias;;"=""2 - 0"""
BMM;2025/26;Bereichsliga Süd 3;1;5;SC Brombach 4;Koch, Benjamin;1300;SC Sölden 1;Dr. Bernauer, Bernhard;1460;"=""2 - 0"""
BMM;2025/26;Bereichsliga Süd 3;1;6;SC Sölden 1;Drömer, Uwe;1162;SC Brombach 4;Pikhur, Maksym;;"=""2 - 0"""
BMM;2025/26;Bereichsliga Süd 3;1;7;SC Brombach 4;Zinchenko, Danylo;;SC Sölden 1;Schaubhut, Luke;1167;"=""0 - 2"""
BMM;2025/26;Bereichsliga Süd 3;1;8;SC Sölden 1;Brengartner, Jens;;SC Brombach 4;Parsa, Ahmad Komail;;"=""0 - 2"""
BMM;2025/26;Bereichsliga Süd 3;1;1;SK Freiburg West 2;Akis, Akin;1924;Schw. Pumpe Freiburg 1;Hörmann, Florian;2023;"=""1 - 1"""
BMM;2025/26;Bereichsliga Süd 3;1;2;Schw. Pumpe Freiburg 1;Döserich, Jürgen;1944;SK Freiburg West 2;Tadjalli Mehr, Kian;1762;"=""2 - 0"""
BMM;2025/26;Bereichsliga Süd 3;1;3;SK Freiburg West 2;Maisel, Mathis;1800;Schw. Pumpe Freiburg 1;Nink, Niklas;1885;"=""1 - 1"""
BMM;2025/26;Bereichsliga Süd 3;1;4;Schw. Pumpe Freiburg 1;Grübner, Dietrich;1885;SK Freiburg West 2;Rümmele, Tobias;1742;"=""2 - 0"""
BMM;2025/26;Bereichsliga Süd 3;1;5;SK Freiburg West 2;Grothe, Stefan;1722;Schw. Pumpe Freiburg 1;Satlow, Stefan;1731;"=""2 - 0"""
BMM;2025/26;Bereichsliga Süd 3;1;6;Schw. Pumpe Freiburg 1;Do, Van;1703;SK Freiburg West 2;Litwin, Tim;1676;"=""0 - 2"""
BMM;2025/26;Bereichsliga Süd 3;1;7;SK Freiburg West 2;van Almsick, Hanna;1388;Schw. Pumpe Freiburg 1;Bühler, Markus;1690;"=""1 - 1"""
BMM;2025/26;Bereichsliga Süd 3;1;8;Schw. Pumpe Freiburg 1;Dr. Reschika, Richard;;SK Freiburg West 2;Naguchev, Vadim;1650;"=""1 - 1"""
BMM;2025/26;Bereichsliga Süd 3;1;1;SC Umkirch 1;Risch, Wolfgang;1900;SC Dreiländereck 2;Malachowski, Margrit;1946;"=""1 - 1"""
BMM;2025/26;Bereichsliga Süd 3;1;2;SC Dreiländereck 2;Bäder, Karl-Christian;1768;SC Umkirch 1;Gugel, Tobias;1890;"=""1 - 1"""
BMM;2025/26;Bereichsliga Süd 3;1;3;SC Umkirch 1;Dr. Ufheil, Joachim;1842;SC Dreiländereck 2;Mackels, Jean-Louis;1840;"=""2 - 0"""
BMM;2025/26;Bereichsliga Süd 3;1;4;SC Dreiländereck 2;Lutz, Horst;1713;SC Umkirch 1;Dr. Blum, Ronny;1735;"=""1 - 1"""
BMM;2025/26;Bereichsliga Süd 3;1;5;SC Umkirch 1;Hunn, Bernhard;1676;SC Dreiländereck 2;Karlin, Simon;1393;"=""0 - 2"""
BMM;2025/26;Bereichsliga Süd 3;1;6;SC Dreiländereck 2;Schätzle, Thomas;1563;SC Umkirch 1;Fuss, Michael;1621;"=""0 - 2"""
BMM;2025/26;Bereichsliga Süd 3;1;7;SC Umkirch 1;Bruno, Claudio;1572;SC Dreiländereck 2;Cheremensky, Maxim;1099;"=""2 - 0"""
BMM;2025/26;Bereichsliga Süd 3;1;8;SC Dreiländereck 2;Fiedler, Jörg Alexander;1241;SC Umkirch 1;Lehmann, Arnold;1503;"=""0 - 2"""
BMM;2025/26;Bereichsliga Süd 3;1;1;SK Ebringen 2;Fink, Markus;1877;SK Rheinfelden 1;Acton, Fynn Jona;1746;"=""2 - 0"""
BMM;2025/26;Bereichsliga Süd 3;1;2;SK Rheinfelden 1;Gashi, Arsim;1603;SK Ebringen 2;Pfefferle, Matthias;1628;"=""1 - 1"""
BMM;2025/26;Bereichsliga Süd 3;1;3;SK Ebringen 2;Riesterer, Michael;1609;SK Rheinfelden 1;Haag, Rolf;1690;"=""1 - 1"""
BMM;2025/26;Bereichsliga Süd 3;1;4;SK Rheinfelden 1;Vuksic, Antun;1723;SK Ebringen 2;Bauer, Michael;1508;"=""0 - 2"""
BMM;2025/26;Bereichsliga Süd 3;1;5;SK Ebringen 2;Brezczinsky, Jörg;1557;SK Rheinfelden 1;Wessely, Volker;1672;"=""1 - 1"""
BMM;2025/26;Bereichsliga Süd 3;1;6;SK Rheinfelden 1;Barros, Gustavo;1671;SK Ebringen 2;Schüler, Winfried;1570;"=""1 - 1"""
BMM;2025/26;Bereichsliga Süd 3;1;7;SK Ebringen 2;Seidel, Rene;1069;SK Rheinfelden 1;Konysbekov, Darmen;1426;"=""0 - 2"""
BMM;2025/26;Bereichsliga Süd 3;1;8;SK Rheinfelden 1;Kaiser, Robert;1369;SK Ebringen 2;Beinke, Stefan;;"=""2 - 0"""
BMM;2025/26;Bereichsliga Süd 3;2;1;SK Ebringen 2;Pfefferle, Matthias;1628;SC Heitersheim 2;Prof. Wiedemann, Harald;1860;"=""0 - 2"""
BMM;2025/26;Bereichsliga Süd 3;2;2;SC Heitersheim 2;Gkegkas, Viktor;1815;SK Ebringen 2;Riesterer, Michael;1609;"=""0 - 2"""
BMM;2025/26;Bereichsliga Süd 3;2;3;SK Ebringen 2;Bauer, Michael;1508;SC Heitersheim 2;Dr. Spitzer, Martin;1796;"=""0 - 2"""
BMM;2025/26;Bereichsliga Süd 3;2;4;SC Heitersheim 2;Abanto Axmann, Arik Julian;1784;SK Ebringen 2;Brezczinsky, Jörg;1557;"=""1 - 1"""
BMM;2025/26;Bereichsliga Süd 3;2;5;SK Ebringen 2;Schüler, Winfried;1570;SC Heitersheim 2;Prill, Gerhard;1735;"=""0 - 2"""
BMM;2025/26;Bereichsliga Süd 3;2;6;SC Heitersheim 2;Puchta, Dieter;1862;SK Ebringen 2;Seidel, Rene;1069;"=""2 - 0"""
BMM;2025/26;Bereichsliga Süd 3;2;7;SK Ebringen 2;Rieder, Wolfgang;;SC Heitersheim 2;Leslie, Philip;1521;"=""1 - 1"""
BMM;2025/26;Bereichsliga Süd 3;2;8;SC Heitersheim 2;Kösem, Akin;1355;SK Ebringen 2;Beinke, Stefan;;"=""2 - 0"""
BMM;2025/26;Bereichsliga Süd 3;2;1;SK Rheinfelden 1;Damdinsuren, Az;1740;SC Umkirch 1;Risch, Wolfgang;1900;"=""1 - 1"""
BMM;2025/26;Bereichsliga Süd 3;2;2;SC Umkirch 1;Gugel, Tobias;1890;SK Rheinfelden 1;Bonic, Adam;1588;"=""2 - 0"""
BMM;2025/26;Bereichsliga Süd 3;2;3;SK Rheinfelden 1;Haag, Rolf;1690;SC Umkirch 1;Dr. Ufheil, Joachim;1842;"=""1 - 1"""
BMM;2025/26;Bereichsliga Süd 3;2;4;SC Umkirch 1;Dr. Blum, Ronny;1735;SK Rheinfelden 1;Kämpfe, Werner;1545;"=""1 - 1"""
BMM;2025/26;Bereichsliga Süd 3;2;5;SK Rheinfelden 1;Barros, Gustavo;1671;SC Umkirch 1;Hunn, Bernhard;1676;"=""0 - 2"""
BMM;2025/26;Bereichsliga Süd 3;2;6;SC Umkirch 1;Fuss, Michael;1621;SK Rheinfelden 1;Konysbekov, Darmen;1426;"=""2 - 0"""
BMM;2025/26;Bereichsliga Süd 3;2;7;SK Rheinfelden 1;Lücke, Liam;1320;SC Umkirch 1;Bruno, Claudio;1572;"=""0 - 2"""
BMM;2025/26;Bereichsliga Süd 3;2;8;SC Umkirch 1;Lehmann, Arnold;1503;SK Rheinfelden 1;Ödül, Ismail Irfan;;"=""0 - 2"""
BMM;2025/26;Bereichsliga Süd 3;2;1;SC Dreiländereck 2;Bender, Stefan;1829;SK Freiburg West 2;Isenmann, David Benno;1792;"=""2 - 0"""
BMM;2025/26;Bereichsliga Süd 3;2;2;SK Freiburg West 2;Tadjalli Mehr, Kian;1762;SC Dreiländereck 2;Bruckert, Frederic;1784;"=""0 - 2"""
BMM;2025/26;Bereichsliga Süd 3;2;3;SC Dreiländereck 2;Karlin, Simon;1393;SK Freiburg West 2;Rümmele, Tobias;1742;"=""0 - 2"""
BMM;2025/26;Bereichsliga Süd 3;2;4;SK Freiburg West 2;Grothe, Stefan;1722;SC Dreiländereck 2;Dr. Rakus, Klaus;1555;"=""1 - 1"""
BMM;2025/26;Bereichsliga Süd 3;2;5;SC Dreiländereck 2;Schätzle, Thomas;1563;SK Freiburg West 2;Litwin, Tim;1676;"=""1 - 1"""
BMM;2025/26;Bereichsliga Süd 3;2;6;SK Freiburg West 2;van Almsick, Hanna;1388;SC Dreiländereck 2;Cheremensky, Maxim;1099;"=""1 - 1"""
BMM;2025/26;Bereichsliga Süd 3;2;7;SC Dreiländereck 2;Lischka, Joachim;1365;SK Freiburg West 2;Naguchev, Vadim;1650;"=""2 - 0"""
BMM;2025/26;Bereichsliga Süd 3;2;8;SK Freiburg West 2;Waldvogel, Michael;1604;SC Dreiländereck 2;;;"=""6 - 4"""
BMM;2025/26;Bereichsliga Süd 3;2;1;Schw. Pumpe Freiburg 1;Hörmann, Florian;2023;SC Brombach 4;Haag, Markus;1888;"=""2 - 0"""
BMM;2025/26;Bereichsliga Süd 3;2;2;SC Brombach 4;Wouatong Nguebdob, Henock Landry;1749;Schw. Pumpe Freiburg 1;Schoch, Thomas;1982;"=""1 - 1"""
BMM;2025/26;Bereichsliga Süd 3;2;3;Schw. Pumpe Freiburg 1;Döserich, Jürgen;1944;SC Brombach 4;Frey, Rudolf;1706;"=""1 - 1"""
BMM;2025/26;Bereichsliga Süd 3;2;4;SC Brombach 4;Teodosio, Nathan;;Schw. Pumpe Freiburg 1;Nink, Niklas;1885;"=""1 - 1"""
BMM;2025/26;Bereichsliga Süd 3;2;5;Schw. Pumpe Freiburg 1;Dr. Reschika, Richard;;SC Brombach 4;Körtvely, Elöd;1442;"=""0 - 2"""
BMM;2025/26;Bereichsliga Süd 3;2;6;SC Brombach 4;Kellner, Ingo Johann;1434;Schw. Pumpe Freiburg 1;Zick, Hubert;1546;"=""0 - 2"""
BMM;2025/26;Bereichsliga Süd 3;2;7;Schw. Pumpe Freiburg 1;Engelken, Jared;;SC Brombach 4;Loui, Henning;1262;"=""0 - 2"""
BMM;2025/26;Bereichsliga Süd 3;2;8;SC Brombach 4;Koch, Benjamin;1300;Schw. Pumpe Freiburg 1;De Cunzo, Gino;1408;"=""2 - 0"""
BMM;2025/26;Bereichsliga Süd 3;2;1;SC Sölden 1;Backhaus, Eric;1515;SG Schopfheim 1;Fischer, Thomas;1828;"=""0 - 2"""
BMM;2025/26;Bereichsliga Süd 3;2;2;SG Schopfheim 1;Schleith, Stefan;1894;SC Sölden 1;Wirbel, Klaus;1556;"=""2 - 0"""
BMM;2025/26;Bereichsliga Süd 3;2;3;SC Sölden 1;Hug, Fridolin;1515;SG Schopfheim 1;Steen, Matthias;1855;"=""0 - 2"""
BMM;2025/26;Bereichsliga Süd 3;2;4;SG Schopfheim 1;Bernwallner, Stefan;1738;SC Sölden 1;Yazvytskyi, Jurii;1428;"=""2 - 0"""
BMM;2025/26;Bereichsliga Süd 3;2;5;SC Sölden 1;Drömer, Uwe;1162;SG Schopfheim 1;Berger, Roland;1694;"=""0 - 2"""
BMM;2025/26;Bereichsliga Süd 3;2;6;SG Schopfheim 1;Gsell, Richard;1580;SC Sölden 1;;;"=""6 - 4"""
BMM;2025/26;Bereichsliga Süd 3;2;7;SC Sölden 1;;;SG Schopfheim 1;Hoch, Franz;1656;"=""4 - 6"""
BMM;2025/26;Bereichsliga Süd 3;2;8;SG Schopfheim 1;Karakas, Mirac;;SC Sölden 1;;;"=""6 - 4"""
BMM;2025/26;Bereichsliga Süd 3;3;1;SC Heitersheim 2;Prof. Wiedemann, Harald;1860;SC Sölden 1;Dr. Bath, Peter;1843;"=""0 - 2"""
BMM;2025/26;Bereichsliga Süd 3;3;2;SC Sölden 1;Wirbel, Klaus;1556;SC Heitersheim 2;Gkegkas, Viktor;1815;"=""1 - 1"""
BMM;2025/26;Bereichsliga Süd 3;3;3;SC Heitersheim 2;Dr. Spitzer, Martin;1796;SC Sölden 1;Hug, Fridolin;1515;"=""2 - 0"""
BMM;2025/26;Bereichsliga Süd 3;3;4;SC Sölden 1;Yazvytskyi, Jurii;1428;SC Heitersheim 2;Vilain, Philip;1733;"=""0 - 2"""
BMM;2025/26;Bereichsliga Süd 3;3;5;SC Heitersheim 2;Cicak, Vinko;1491;SC Sölden 1;Kenz, Dieter;1459;"=""1 - 1"""
BMM;2025/26;Bereichsliga Süd 3;3;6;SC Sölden 1;Dr. Bernauer, Bernhard;1460;SC Heitersheim 2;Leslie, Philip;1521;"=""2 - 0"""
BMM;2025/26;Bereichsliga Süd 3;3;7;SC Heitersheim 2;Kösem, Akin;1355;SC Sölden 1;Drömer, Uwe;1162;"=""2 - 0"""
BMM;2025/26;Bereichsliga Süd 3;3;8;SC Sölden 1;Fischer, Bernhard;1182;SC Heitersheim 2;Stricker, Matteo;;"=""2 - 0"""
BMM;2025/26;Bereichsliga Süd 3;3;1;SG Schopfheim 1;Fischer, Thomas;1828;Schw. Pumpe Freiburg 1;Hörmann, Florian;2023;"=""0 - 2"""
BMM;2025/26;Bereichsliga Süd 3;3;2;Schw. Pumpe Freiburg 1;Schoch, Thomas;1982;SG Schopfheim 1;Schleith, Stefan;1894;"=""2 - 0"""
BMM;2025/26;Bereichsliga Süd 3;3;3;SG Schopfheim 1;Steen, Matthias;1855;Schw. Pumpe Freiburg 1;Nink, Niklas;1885;"=""2 - 0"""
BMM;2025/26;Bereichsliga Süd 3;3;4;Schw. Pumpe Freiburg 1;Grübner, Dietrich;1885;SG Schopfheim 1;Bauer, Stefan;1753;"=""2 - 0"""
BMM;2025/26;Bereichsliga Süd 3;3;5;SG Schopfheim 1;Bernwallner, Stefan;1738;Schw. Pumpe Freiburg 1;Satlow, Stefan;1731;"=""0 - 2"""
BMM;2025/26;Bereichsliga Süd 3;3;6;Schw. Pumpe Freiburg 1;Do, Van;1703;SG Schopfheim 1;Gsell, Richard;1580;"=""2 - 0"""
BMM;2025/26;Bereichsliga Süd 3;3;7;SG Schopfheim 1;Luz, Hans;1513;Schw. Pumpe Freiburg 1;Bühler, Markus;1690;"=""1 - 1"""
BMM;2025/26;Bereichsliga Süd 3;3;8;Schw. Pumpe Freiburg 1;;;SG Schopfheim 1;Kraus, Werner;1335;"=""4 - 6"""
BMM;2025/26;Bereichsliga Süd 3;3;1;SC Brombach 4;Schambach, Frank;1909;SC Dreiländereck 2;Malachowski, Margrit;1946;"=""1 - 1"""
BMM;2025/26;Bereichsliga Süd 3;3;2;SC Dreiländereck 2;Bender, Stefan;1829;SC Brombach 4;Wouatong Nguebdob, Henock Landry;1749;"=""1 - 1"""
BMM;2025/26;Bereichsliga Süd 3;3;3;SC Brombach 4;Frey, Rudolf;1706;SC Dreiländereck 2;Bäder, Karl-Christian;1768;"=""0 - 2"""
BMM;2025/26;Bereichsliga Süd 3;3;4;SC Dreiländereck 2;Mackels, Jean-Louis;1840;SC Brombach 4;Weimann-Zupan, Ralf;1678;"=""2 - 0"""
BMM;2025/26;Bereichsliga Süd 3;3;5;SC Brombach 4;Teodosio, Nathan;;SC Dreiländereck 2;Karlin, Simon;1393;"=""2 - 0"""
BMM;2025/26;Bereichsliga Süd 3;3;6;SC Dreiländereck 2;Schätzle, Thomas;1563;SC Brombach 4;Körtvely, Elöd;1442;"=""1 - 1"""
BMM;2025/26;Bereichsliga Süd 3;3;7;SC Brombach 4;Kellner, Ingo Johann;1434;SC Dreiländereck 2;Cheremensky, Maxim;1099;"=""0 - 2"""
BMM;2025/26;Bereichsliga Süd 3;3;8;SC Dreiländereck 2;Fiedler, Jörg Alexander;1241;SC Brombach 4;Koch, Benjamin;1300;"=""1 - 1"""
BMM;2025/26;Bereichsliga Süd 3;3;1;SK Freiburg West 2;Tadjalli Mehr, Kian;1762;SK Rheinfelden 1;Steinacher, Janis;1870;"=""0 - 2"""
BMM;2025/26;Bereichsliga Süd 3;3;2;SK Rheinfelden 1;Damdinsuren, Az;1740;SK Freiburg West 2;Maisel, Mathis;1800;"=""2 - 0"""
BMM;2025/26;Bereichsliga Süd 3;3;3;SK Freiburg West 2;Rümmele, Tobias;1742;SK Rheinfelden 1;Gashi, Arsim;1603;"=""2 - 0"""
BMM;2025/26;Bereichsliga Süd 3;3;4;SK Rheinfelden 1;Kämpfe, Werner;1545;SK Freiburg West 2;Grothe, Stefan;1722;"=""0 - 2"""
BMM;2025/26;Bereichsliga Süd 3;3;5;SK Freiburg West 2;Litwin, Tim;1676;SK Rheinfelden 1;Wessely, Volker;1672;"=""1 - 1"""
BMM;2025/26;Bereichsliga Süd 3;3;6;SK Rheinfelden 1;Barros, Gustavo;1671;SK Freiburg West 2;van Almsick, Hanna;1388;"=""0 - 2"""
BMM;2025/26;Bereichsliga Süd 3;3;7;SK Freiburg West 2;Naguchev, Vadim;1650;SK Rheinfelden 1;Konysbekov, Darmen;1426;"=""2 - 0"""
BMM;2025/26;Bereichsliga Süd 3;3;8;SK Rheinfelden 1;Schneider, Andre;1557;SK Freiburg West 2;;;"=""6 - 4"""
BMM;2025/26;Bereichsliga Süd 3;3;1;SC Umkirch 1;Risch, Wolfgang;1900;SK Ebringen 2;Fink, Markus;1877;"=""1 - 1"""
BMM;2025/26;Bereichsliga Süd 3;3;2;SK Ebringen 2;Bösch, Heinz;1786;SC Umkirch 1;Gugel, Tobias;1890;"=""0 - 2"""
BMM;2025/26;Bereichsliga Süd 3;3;3;SC Umkirch 1;Dr. Ufheil, Joachim;1842;SK Ebringen 2;Pfefferle, Matthias;1628;"=""1 - 1"""
BMM;2025/26;Bereichsliga Süd 3;3;4;SK Ebringen 2;Riesterer, Michael;1609;SC Umkirch 1;Hunn, Bernhard;1676;"=""1 - 1"""
BMM;2025/26;Bereichsliga Süd 3;3;5;SC Umkirch 1;Fuss, Michael;1621;SK Ebringen 2;Bauer, Michael;1508;"=""2 - 0"""
BMM;2025/26;Bereichsliga Süd 3;3;6;SK Ebringen 2;Brezczinsky, Jörg;1557;SC Umkirch 1;Bruno, Claudio;1572;"=""1 - 1"""
BMM;2025/26;Bereichsliga Süd 3;3;7;SC Umkirch 1;Lehmann, Arnold;1503;SK Ebringen 2;Weißflog, Hans-Dieter;1509;"=""0 - 2"""
BMM;2025/26;Bereichsliga Süd 3;3;8;SK Ebringen 2;Kendzia, Karl-Peter;1585;SC Umkirch 1;Dederichs, Wolfgang;1478;"=""1 - 1"""
BMM;2025/26;Bereichsliga Süd 3;4;1;SC Umkirch 1;Risch, Wolfgang;1900;SC Heitersheim 2;Prof. Wiedemann, Harald;1860;"=""2 - 0"""
BMM;2025/26;Bereichsliga Süd 3;4;2;SC Heitersheim 2;Gkegkas, Viktor;1815;SC Umkirch 1;Gugel, Tobias;1890;"=""0 - 2"""
BMM;2025/26;Bereichsliga Süd 3;4;3;SC Umkirch 1;Dr. Ufheil, Joachim;1842;SC Heitersheim 2;Wienberg, Robin;1804;"=""1 - 1"""
BMM;2025/26;Bereichsliga Süd 3;4;4;SC Heitersheim 2;Dr. Spitzer, Martin;1796;SC Umkirch 1;Dr. Blum, Ronny;1735;"=""1 - 1"""
BMM;2025/26;Bereichsliga Süd 3;4;5;SC Umkirch 1;Hunn, Bernhard;1676;SC Heitersheim 2;Vilain, Philip;1733;"=""0 - 2"""
BMM;2025/26;Bereichsliga Süd 3;4;6;SC Heitersheim 2;Puchta, Dieter;1862;SC Umkirch 1;Fuss, Michael;1621;"=""1 - 1"""
BMM;2025/26;Bereichsliga Süd 3;4;7;SC Umkirch 1;Bruno, Claudio;1572;SC Heitersheim 2;Kösem, Akin;1355;"=""2 - 0"""
BMM;2025/26;Bereichsliga Süd 3;4;8;SC Heitersheim 2;Schmidinger, Luca;;SC Umkirch 1;Lehmann, Arnold;1503;"=""2 - 0"""
BMM;2025/26;Bereichsliga Süd 3;4;1;SK Ebringen 2;Fink, Markus;1877;SK Freiburg West 2;Tadjalli Mehr, Kian;1762;"=""1 - 1"""
BMM;2025/26;Bereichsliga Süd 3;4;2;SK Freiburg West 2;Maisel, Mathis;1800;SK Ebringen 2;Pfefferle, Matthias;1628;"=""0 - 2"""
BMM;2025/26;Bereichsliga Süd 3;4;3;SK Ebringen 2;Riesterer, Michael;1609;SK Freiburg West 2;Rümmele, Tobias;1742;"=""0 - 2"""
BMM;2025/26;Bereichsliga Süd 3;4;4;SK Freiburg West 2;Grothe, Stefan;1722;SK Ebringen 2;Brezczinsky, Jörg;1557;"=""2 - 0"""
BMM;2025/26;Bereichsliga Süd 3;4;5;SK Ebringen 2;Weißflog, Hans-Dieter;1509;SK Freiburg West 2;Litwin, Tim;1676;"=""1 - 1"""
BMM;2025/26;Bereichsliga Süd 3;4;6;SK Freiburg West 2;van Almsick, Hanna;1388;SK Ebringen 2;Schüler, Winfried;1570;"=""2 - 0"""
BMM;2025/26;Bereichsliga Süd 3;4;7;SK Ebringen 2;Dr. Bonrath, Werner;1432;SK Freiburg West 2;Naguchev, Vadim;1650;"=""1 - 1"""
BMM;2025/26;Bereichsliga Süd 3;4;8;SK Freiburg West 2;;;SK Ebringen 2;Seidel, Rene;1069;"=""4 - 6"""
BMM;2025/26;Bereichsliga Süd 3;4;1;SK Rheinfelden 1;Acton, Fynn Jona;1746;SC Brombach 4;Wouatong Nguebdob, Henock Landry;1749;"=""1 - 1"""
BMM;2025/26;Bereichsliga Süd 3;4;2;SC Brombach 4;Frey, Rudolf;1706;SK Rheinfelden 1;Damdinsuren, Az;1740;"=""1 - 1"""
BMM;2025/26;Bereichsliga Süd 3;4;3;SK Rheinfelden 1;Haag, Rolf;1690;SC Brombach 4;Weimann-Zupan, Ralf;1678;"=""1 - 1"""
BMM;2025/26;Bereichsliga Süd 3;4;4;SC Brombach 4;Krause, Felix;1614;SK Rheinfelden 1;Kämpfe, Werner;1545;"=""2 - 0"""
BMM;2025/26;Bereichsliga Süd 3;4;5;SK Rheinfelden 1;Barros, Gustavo;1671;SC Brombach 4;Körtvely, Elöd;1442;"=""0 - 2"""
BMM;2025/26;Bereichsliga Süd 3;4;6;SC Brombach 4;Kellner, Ingo Johann;1434;SK Rheinfelden 1;Bratosin, Vicentiu;1709;"=""0 - 2"""
BMM;2025/26;Bereichsliga Süd 3;4;7;SK Rheinfelden 1;Schneider, Andre;1557;SC Brombach 4;Loui, Henning;1262;"=""2 - 0"""
BMM;2025/26;Bereichsliga Süd 3;4;8;SC Brombach 4;Koch, Benjamin;1300;SK Rheinfelden 1;Kaiser, Robert;1369;"=""2 - 0"""
BMM;2025/26;Bereichsliga Süd 3;4;1;SC Dreiländereck 2;Bäder, Karl-Christian;1768;SG Schopfheim 1;Fischer, Thomas;1828;"=""1 - 1"""
BMM;2025/26;Bereichsliga Süd 3;4;2;SG Schopfheim 1;Schleith, Stefan;1894;SC Dreiländereck 2;Mackels, Jean-Louis;1840;"=""2 - 0"""
BMM;2025/26;Bereichsliga Süd 3;4;3;SC Dreiländereck 2;Lutz, Horst;1713;SG Schopfheim 1;Steen, Matthias;1855;"=""2 - 0"""
BMM;2025/26;Bereichsliga Süd 3;4;4;SG Schopfheim 1;Bauer, Stefan;1753;SC Dreiländereck 2;Bruckert, Frederic;1784;"=""1 - 1"""
BMM;2025/26;Bereichsliga Süd 3;4;5;SC Dreiländereck 2;Karlin, Simon;1393;SG Schopfheim 1;Bernwallner, Stefan;1738;"=""0 - 2"""
BMM;2025/26;Bereichsliga Süd 3;4;6;SG Schopfheim 1;Berger, Roland;1694;SC Dreiländereck 2;Schätzle, Thomas;1563;"=""1 - 1"""
BMM;2025/26;Bereichsliga Süd 3;4;7;SC Dreiländereck 2;Kern, Silas;1120;SG Schopfheim 1;Gsell, Richard;1580;"=""1 - 1"""
BMM;2025/26;Bereichsliga Süd 3;4;8;SG Schopfheim 1;Burkhard, Peter;1113;SC Dreiländereck 2;Sacher, Justus;;"=""0 - 2"""
BMM;2025/26;Bereichsliga Süd 3;4;1;Schw. Pumpe Freiburg 1;Hörmann, Florian;2023;SC Sölden 1;Dr. Bath, Peter;1843;"=""1 - 1"""
BMM;2025/26;Bereichsliga Süd 3;4;2;SC Sölden 1;Trifonov, Vladimir;1402;Schw. Pumpe Freiburg 1;Schoch, Thomas;1982;"=""0 - 2"""
BMM;2025/26;Bereichsliga Süd 3;4;3;Schw. Pumpe Freiburg 1;Grübner, Dietrich;1885;SC Sölden 1;Backhaus, Eric;1515;"=""2 - 0"""
BMM;2025/26;Bereichsliga Süd 3;4;4;SC Sölden 1;Wirbel, Klaus;1556;Schw. Pumpe Freiburg 1;Satlow, Stefan;1731;"=""0 - 2"""
BMM;2025/26;Bereichsliga Süd 3;4;5;Schw. Pumpe Freiburg 1;Do, Van;1703;SC Sölden 1;Hug, Fridolin;1515;"=""2 - 0"""
BMM;2025/26;Bereichsliga Süd 3;4;6;SC Sölden 1;Kenz, Dieter;1459;Schw. Pumpe Freiburg 1;Deigner, Freddy;1688;"=""0 - 2"""
BMM;2025/26;Bereichsliga Süd 3;4;7;Schw. Pumpe Freiburg 1;Winter, Martin;1506;SC Sölden 1;Dr. Bernauer, Bernhard;1460;"=""2 - 0"""
BMM;2025/26;Bereichsliga Süd 3;4;8;SC Sölden 1;Drömer, Uwe;1162;Schw. Pumpe Freiburg 1;;;"=""6 - 4"""
BMM;2025/26;Bereichsliga Süd 3;5;1;SC Heitersheim 2;Prof. Wiedemann, Harald;1860;Schw. Pumpe Freiburg 1;Hörmann, Florian;2023;"=""1 - 1"""
BMM;2025/26;Bereichsliga Süd 3;5;2;Schw. Pumpe Freiburg 1;Döserich, Jürgen;1944;SC Heitersheim 2;Gkegkas, Viktor;1815;"=""2 - 0"""
BMM;2025/26;Bereichsliga Süd 3;5;3;SC Heitersheim 2;Wienberg, Robin;1804;Schw. Pumpe Freiburg 1;Grübner, Dietrich;1885;"=""2 - 0"""
BMM;2025/26;Bereichsliga Süd 3;5;4;Schw. Pumpe Freiburg 1;Satlow, Stefan;1731;SC Heitersheim 2;Dr. Spitzer, Martin;1796;"=""0 - 2"""
BMM;2025/26;Bereichsliga Süd 3;5;5;SC Heitersheim 2;Vilain, Philip;1733;Schw. Pumpe Freiburg 1;Do, Van;1703;"=""1 - 1"""
BMM;2025/26;Bereichsliga Süd 3;5;6;Schw. Pumpe Freiburg 1;Dr. Reschika, Richard;;SC Heitersheim 2;Menskes, Maxime;1576;"=""1 - 1"""
BMM;2025/26;Bereichsliga Süd 3;5;7;SC Heitersheim 2;Cicak, Vinko;1491;Schw. Pumpe Freiburg 1;Deigner, Freddy;1688;"=""0 - 2"""
BMM;2025/26;Bereichsliga Süd 3;5;8;Schw. Pumpe Freiburg 1;De Cunzo, Gino;1408;SC Heitersheim 2;Kösem, Akin;1355;"=""0 - 2"""
BMM;2025/26;Bereichsliga Süd 3;5;1;SC Sölden 1;Dr. Bath, Peter;1843;SC Dreiländereck 2;Bender, Stefan;1829;"=""2 - 0"""
BMM;2025/26;Bereichsliga Süd 3;5;2;SC Dreiländereck 2;Bäder, Karl-Christian;1768;SC Sölden 1;Wirbel, Klaus;1556;"=""2 - 0"""
BMM;2025/26;Bereichsliga Süd 3;5;3;SC Sölden 1;Hug, Fridolin;1515;SC Dreiländereck 2;Mackels, Jean-Louis;1840;"=""0 - 2"""
BMM;2025/26;Bereichsliga Süd 3;5;4;SC Dreiländereck 2;Lutz, Horst;1713;SC Sölden 1;Yazvytskyi, Jurii;1428;"=""2 - 0"""
BMM;2025/26;Bereichsliga Süd 3;5;5;SC Sölden 1;Kenz, Dieter;1459;SC Dreiländereck 2;Bruckert, Frederic;1784;"=""0 - 2"""
BMM;2025/26;Bereichsliga Süd 3;5;6;SC Dreiländereck 2;Schätzle, Thomas;1563;SC Sölden 1;Dr. Bernauer, Bernhard;1460;"=""2 - 0"""
BMM;2025/26;Bereichsliga Süd 3;5;7;SC Sölden 1;Drömer, Uwe;1162;SC Dreiländereck 2;Cheremensky, Maxim;1099;"=""2 - 0"""
BMM;2025/26;Bereichsliga Süd 3;5;8;SC Dreiländereck 2;Lischka, Joachim;1365;SC Sölden 1;Bolanz, Gerhard;1269;"=""1 - 1"""
BMM;2025/26;Bereichsliga Süd 3;5;1;SG Schopfheim 1;Fischer, Thomas;1828;SK Rheinfelden 1;Damdinsuren, Az;1740;"=""2 - 0"""
BMM;2025/26;Bereichsliga Süd 3;5;2;SK Rheinfelden 1;Gashi, Arsim;1603;SG Schopfheim 1;Schleith, Stefan;1894;"=""0 - 2"""
BMM;2025/26;Bereichsliga Süd 3;5;3;SG Schopfheim 1;Steen, Matthias;1855;SK Rheinfelden 1;Haag, Rolf;1690;"=""0 - 2"""
BMM;2025/26;Bereichsliga Süd 3;5;4;SK Rheinfelden 1;Bolettieri, Sandro;1571;SG Schopfheim 1;Bauer, Stefan;1753;"=""0 - 2"""
BMM;2025/26;Bereichsliga Süd 3;5;5;SG Schopfheim 1;Bernwallner, Stefan;1738;SK Rheinfelden 1;Konysbekov, Darmen;1426;"=""2 - 0"""
BMM;2025/26;Bereichsliga Süd 3;5;6;SK Rheinfelden 1;Schneider, Andre;1557;SG Schopfheim 1;Berger, Roland;1694;"=""0 - 2"""
BMM;2025/26;Bereichsliga Süd 3;5;7;SG Schopfheim 1;Gsell, Richard;1580;SK Rheinfelden 1;Kaiser, Robert;1369;"=""1 - 1"""
BMM;2025/26;Bereichsliga Süd 3;5;8;SK Rheinfelden 1;Jost, Hansruedi;1070;SG Schopfheim 1;Burkhard, Peter;1113;"=""0 - 2"""
BMM;2025/26;Bereichsliga Süd 3;5;1;SC Brombach 4;Wouatong Nguebdob, Henock Landry;1749;SK Ebringen 2;Bösch, Heinz;1786;"=""1 - 1"""
BMM;2025/26;Bereichsliga Süd 3;5;2;SK Ebringen 2;Pfefferle, Matthias;1628;SC Brombach 4;Weimann-Zupan, Ralf;1678;"=""1 - 1"""
BMM;2025/26;Bereichsliga Süd 3;5;3;SC Brombach 4;Körtvely, Elöd;1442;SK Ebringen 2;Riesterer, Michael;1609;"=""0 - 2"""
BMM;2025/26;Bereichsliga Süd 3;5;4;SK Ebringen 2;Bauer, Michael;1508;SC Brombach 4;Kellner, Ingo Johann;1434;"=""2 - 0"""
BMM;2025/26;Bereichsliga Süd 3;5;5;SC Brombach 4;Loui, Henning;1262;SK Ebringen 2;Brezczinsky, Jörg;1557;"=""2 - 0"""
BMM;2025/26;Bereichsliga Süd 3;5;6;SK Ebringen 2;Weißflog, Hans-Dieter;1509;SC Brombach 4;Koch, Benjamin;1300;"=""2 - 0"""
BMM;2025/26;Bereichsliga Süd 3;5;7;SC Brombach 4;Zinchenko, Danylo;;SK Ebringen 2;Kendzia, Karl-Peter;1585;"=""1 - 1"""
BMM;2025/26;Bereichsliga Süd 3;5;8;SK Ebringen 2;Seidel, Rene;1069;SC Brombach 4;Oktai, Niklas;;"=""0 - 2"""
BMM;2025/26;Bereichsliga Süd 3;5;1;SK Freiburg West 2;Tadjalli Mehr, Kian;1762;SC Umkirch 1;Risch, Wolfgang;1900;"=""0 - 2"""
BMM;2025/26;Bereichsliga Süd 3;5;2;SC Umkirch 1;Gugel, Tobias;1890;SK Freiburg West 2;Maisel, Mathis;1800;"=""0 - 2"""
BMM;2025/26;Bereichsliga Süd 3;5;3;SK Freiburg West 2;Rümmele, Tobias;1742;SC Umkirch 1;Dr. Ufheil, Joachim;1842;"=""2 - 0"""
BMM;2025/26;Bereichsliga Süd 3;5;4;SC Umkirch 1;Dr. Blum, Ronny;1735;SK Freiburg West 2;Grothe, Stefan;1722;"=""2 - 0"""
BMM;2025/26;Bereichsliga Süd 3;5;5;SK Freiburg West 2;Litwin, Tim;1676;SC Umkirch 1;Hunn, Bernhard;1676;"=""2 - 0"""
BMM;2025/26;Bereichsliga Süd 3;5;6;SC Umkirch 1;Fuss, Michael;1621;SK Freiburg West 2;van Almsick, Hanna;1388;"=""2 - 0"""
BMM;2025/26;Bereichsliga Süd 3;5;7;SK Freiburg West 2;Naguchev, Vadim;1650;SC Umkirch 1;Bruno, Claudio;1572;"=""1 - 1"""
BMM;2025/26;Bereichsliga Süd 3;5;8;SC Umkirch 1;Lehmann, Arnold;1503;SK Freiburg West 2;Waldvogel, Michael;1604;"=""0 - 2"""
BMM;2025/26;Bereichsliga Süd 3;6;1;SK Freiburg West 2;Tadjalli Mehr, Kian;1762;SC Heitersheim 2;Prof. Wiedemann, Harald;1860;"=""1 - 1"""
BMM;2025/26;Bereichsliga Süd 3;6;2;SC Heitersheim 2;Wienberg, Robin;1804;SK Freiburg West 2;Rümmele, Tobias;1742;"=""0 - 2"""
BMM;2025/26;Bereichsliga Süd 3;6;3;SK Freiburg West 2;Grothe, Stefan;1722;SC Heitersheim 2;Dr. Spitzer, Martin;1796;"=""1 - 1"""
BMM;2025/26;Bereichsliga Süd 3;6;4;SC Heitersheim 2;Vilain, Philip;1733;SK Freiburg West 2;Litwin, Tim;1676;"=""2 - 0"""
BMM;2025/26;Bereichsliga Süd 3;6;5;SK Freiburg West 2;Naguchev, Vadim;1650;SC Heitersheim 2;Prill, Gerhard;1735;"=""2 - 0"""
BMM;2025/26;Bereichsliga Süd 3;6;6;SC Heitersheim 2;Puchta, Dieter;1862;SK Freiburg West 2;Waldvogel, Michael;1604;"=""0 - 2"""
BMM;2025/26;Bereichsliga Süd 3;6;7;SK Freiburg West 2;Boos, Clemens;1575;SC Heitersheim 2;Leslie, Philip;1521;"=""1 - 1"""
BMM;2025/26;Bereichsliga Süd 3;6;8;SC Heitersheim 2;Kösem, Akin;1355;SK Freiburg West 2;Pfeiffer, Manuel;1394;"=""1 - 1"""
BMM;2025/26;Bereichsliga Süd 3;6;1;SC Umkirch 1;Risch, Wolfgang;1900;SC Brombach 4;Haag, Markus;1888;"=""1 - 1"""
BMM;2025/26;Bereichsliga Süd 3;6;2;SC Brombach 4;Frey, Rudolf;1706;SC Umkirch 1;Gugel, Tobias;1890;"=""0 - 2"""
BMM;2025/26;Bereichsliga Süd 3;6;3;SC Umkirch 1;Dr. Ufheil, Joachim;1842;SC Brombach 4;Teodosio, Nathan;;"=""1 - 1"""
BMM;2025/26;Bereichsliga Süd 3;6;4;SC Brombach 4;Kellner, Ingo Johann;1434;SC Umkirch 1;Dr. Blum, Ronny;1735;"=""0 - 2"""
BMM;2025/26;Bereichsliga Süd 3;6;5;SC Umkirch 1;Hunn, Bernhard;1676;SC Brombach 4;Loui, Henning;1262;"=""1 - 1"""
BMM;2025/26;Bereichsliga Süd 3;6;6;SC Brombach 4;Pross, Bernd;1370;SC Umkirch 1;Fuss, Michael;1621;"=""1 - 1"""
BMM;2025/26;Bereichsliga Süd 3;6;7;SC Umkirch 1;Bruno, Claudio;1572;SC Brombach 4;Koch, Benjamin;1300;"=""1 - 1"""
BMM;2025/26;Bereichsliga Süd 3;6;8;SC Brombach 4;Oktai, Niklas;;SC Umkirch 1;Lehmann, Arnold;1503;"=""0 - 2"""
BMM;2025/26;Bereichsliga Süd 3;6;1;SK Ebringen 2;Fink, Markus;1877;SG Schopfheim 1;Fischer, Thomas;1828;"=""0 - 2"""
BMM;2025/26;Bereichsliga Süd 3;6;2;SG Schopfheim 1;Schleith, Stefan;1894;SK Ebringen 2;Dukic, Ivan;1856;"=""0 - 2"""
BMM;2025/26;Bereichsliga Süd 3;6;3;SK Ebringen 2;Pfefferle, Matthias;1628;SG Schopfheim 1;Steen, Matthias;1855;"=""0 - 2"""
BMM;2025/26;Bereichsliga Süd 3;6;4;SG Schopfheim 1;Bauer, Stefan;1753;SK Ebringen 2;Riesterer, Michael;1609;"=""0 - 2"""
BMM;2025/26;Bereichsliga Süd 3;6;5;SK Ebringen 2;Bauer, Michael;1508;SG Schopfheim 1;Bernwallner, Stefan;1738;"=""0 - 2"""
BMM;2025/26;Bereichsliga Süd 3;6;6;SG Schopfheim 1;Berger, Roland;1694;SK Ebringen 2;Brezczinsky, Jörg;1557;"=""2 - 0"""
BMM;2025/26;Bereichsliga Süd 3;6;7;SK Ebringen 2;Schüler, Winfried;1570;SG Schopfheim 1;Gsell, Richard;1580;"=""1 - 1"""
BMM;2025/26;Bereichsliga Süd 3;6;8;SG Schopfheim 1;Burkhard, Peter;1113;SK Ebringen 2;Rieder, Wolfgang;;"=""0 - 2"""
BMM;2025/26;Bereichsliga Süd 3;6;1;SK Rheinfelden 1;Damdinsuren, Az;1740;SC Sölden 1;Dr. Bath, Peter;1843;"=""1 - 1"""
BMM;2025/26;Bereichsliga Süd 3;6;2;SC Sölden 1;Backhaus, Eric;1515;SK Rheinfelden 1;Barros, Gustavo;1671;"=""1 - 1"""
BMM;2025/26;Bereichsliga Süd 3;6;3;SK Rheinfelden 1;Bolettieri, Sandro;1571;SC Sölden 1;Wirbel, Klaus;1556;"=""0 - 2"""
BMM;2025/26;Bereichsliga Süd 3;6;4;SC Sölden 1;Hug, Fridolin;1515;SK Rheinfelden 1;Schneider, Andre;1557;"=""1 - 1"""
BMM;2025/26;Bereichsliga Süd 3;6;5;SK Rheinfelden 1;Kaiser, Robert;1369;SC Sölden 1;Yazvytskyi, Jurii;1428;"=""0 - 2"""
BMM;2025/26;Bereichsliga Süd 3;6;6;SC Sölden 1;Kenz, Dieter;1459;SK Rheinfelden 1;Ödül, Ismail Irfan;;"=""0 - 2"""
BMM;2025/26;Bereichsliga Süd 3;6;7;SK Rheinfelden 1;Hartmann, Beat;1358;SC Sölden 1;Dr. Bernauer, Bernhard;1460;"=""2 - 0"""
BMM;2025/26;Bereichsliga Süd 3;6;8;SC Sölden 1;Sariffodeen, Ronnie;1451;SK Rheinfelden 1;;;"=""6 - 4"""
BMM;2025/26;Bereichsliga Süd 3;6;1;SC Dreiländereck 2;Bender, Stefan;1829;Schw. Pumpe Freiburg 1;Hörmann, Florian;2023;"=""0 - 2"""
BMM;2025/26;Bereichsliga Süd 3;6;2;Schw. Pumpe Freiburg 1;Schoch, Thomas;1982;SC Dreiländereck 2;Bäder, Karl-Christian;1768;"=""2 - 0"""
BMM;2025/26;Bereichsliga Süd 3;6;3;SC Dreiländereck 2;Mackels, Jean-Louis;1840;Schw. Pumpe Freiburg 1;Grübner, Dietrich;1885;"=""1 - 1"""
BMM;2025/26;Bereichsliga Süd 3;6;4;Schw. Pumpe Freiburg 1;Frey, Markus;1741;SC Dreiländereck 2;Lutz, Horst;1713;"=""1 - 1"""
BMM;2025/26;Bereichsliga Süd 3;6;5;SC Dreiländereck 2;Karlin, Simon;1393;Schw. Pumpe Freiburg 1;Do, Van;1703;"=""0 - 2"""
BMM;2025/26;Bereichsliga Süd 3;6;6;Schw. Pumpe Freiburg 1;Bühler, Markus;1690;SC Dreiländereck 2;Schätzle, Thomas;1563;"=""1 - 1"""
BMM;2025/26;Bereichsliga Süd 3;6;7;SC Dreiländereck 2;Cheremensky, Maxim;1099;Schw. Pumpe Freiburg 1;Dr. Reschika, Richard;;"=""0 - 2"""
BMM;2025/26;Bereichsliga Süd 3;6;8;Schw. Pumpe Freiburg 1;Engelken, Jared;;SC Dreiländereck 2;Sacher, Justus;;"=""2 - 0"""
BMM;2025/26;Bereichsliga Süd 3;7;1;SC Heitersheim 2;Gkegkas, Viktor;1815;SC Dreiländereck 2;Bender, Stefan;1829;"=""0 - 2"""
BMM;2025/26;Bereichsliga Süd 3;7;2;SC Dreiländereck 2;Bäder, Karl-Christian;1768;SC Heitersheim 2;Wienberg, Robin;1804;"=""2 - 0"""
BMM;2025/26;Bereichsliga Süd 3;7;3;SC Heitersheim 2;Carretero Martinez, Francisco;1930;SC Dreiländereck 2;Mackels, Jean-Louis;1840;"=""2 - 0"""
BMM;2025/26;Bereichsliga Süd 3;7;4;SC Dreiländereck 2;Lutz, Horst;1713;SC Heitersheim 2;Dr. Spitzer, Martin;1796;"=""2 - 0"""
BMM;2025/26;Bereichsliga Süd 3;7;5;SC Heitersheim 2;Vilain, Philip;1733;SC Dreiländereck 2;Karlin, Simon;1393;"=""2 - 0"""
BMM;2025/26;Bereichsliga Süd 3;7;6;SC Dreiländereck 2;Schätzle, Thomas;1563;SC Heitersheim 2;Prill, Gerhard;1735;"=""0 - 2"""
BMM;2025/26;Bereichsliga Süd 3;7;7;SC Heitersheim 2;Puchta, Dieter;1862;SC Dreiländereck 2;Cheremensky, Maxim;1099;"=""1 - 1"""
BMM;2025/26;Bereichsliga Süd 3;7;8;SC Dreiländereck 2;Kern, Silas;1120;SC Heitersheim 2;Kösem, Akin;1355;"=""0 - 2"""
BMM;2025/26;Bereichsliga Süd 3;7;1;Schw. Pumpe Freiburg 1;Hörmann, Florian;2023;SK Rheinfelden 1;Steinacher, Janis;1870;"=""1 - 1"""
BMM;2025/26;Bereichsliga Süd 3;7;2;SK Rheinfelden 1;Damdinsuren, Az;1740;Schw. Pumpe Freiburg 1;Schoch, Thomas;1982;"=""0 - 2"""
BMM;2025/26;Bereichsliga Süd 3;7;3;Schw. Pumpe Freiburg 1;Döserich, Jürgen;1944;SK Rheinfelden 1;Gashi, Arsim;1603;"=""2 - 0"""
BMM;2025/26;Bereichsliga Süd 3;7;4;SK Rheinfelden 1;Bonic, Adam;1588;Schw. Pumpe Freiburg 1;Grübner, Dietrich;1885;"=""2 - 0"""
BMM;2025/26;Bereichsliga Süd 3;7;5;Schw. Pumpe Freiburg 1;Frey, Markus;1741;SK Rheinfelden 1;Haag, Rolf;1690;"=""1 - 1"""
BMM;2025/26;Bereichsliga Süd 3;7;6;SK Rheinfelden 1;Wessely, Volker;1672;Schw. Pumpe Freiburg 1;Dr. Reschika, Richard;;"=""0 - 2"""
BMM;2025/26;Bereichsliga Süd 3;7;7;Schw. Pumpe Freiburg 1;;;SK Rheinfelden 1;Barros, Gustavo;1671;"=""4 - 6"""
BMM;2025/26;Bereichsliga Süd 3;7;8;SK Rheinfelden 1;Bratosin, Vicentiu;1709;Schw. Pumpe Freiburg 1;;;"=""6 - 4"""
BMM;2025/26;Bereichsliga Süd 3;7;1;SC Sölden 1;Backhaus, Eric;1515;SK Ebringen 2;Fink, Markus;1877;"=""1 - 1"""
BMM;2025/26;Bereichsliga Süd 3;7;2;SK Ebringen 2;Dukic, Ivan;1856;SC Sölden 1;Wirbel, Klaus;1556;"=""2 - 0"""
BMM;2025/26;Bereichsliga Süd 3;7;3;SC Sölden 1;Hug, Fridolin;1515;SK Ebringen 2;Bösch, Heinz;1786;"=""0 - 2"""
BMM;2025/26;Bereichsliga Süd 3;7;4;SK Ebringen 2;Riesterer, Michael;1609;SC Sölden 1;Yazvytskyi, Jurii;1428;"=""2 - 0"""
BMM;2025/26;Bereichsliga Süd 3;7;5;SC Sölden 1;Kenz, Dieter;1459;SK Ebringen 2;Brezczinsky, Jörg;1557;"=""1 - 1"""
BMM;2025/26;Bereichsliga Süd 3;7;6;SK Ebringen 2;Weißflog, Hans-Dieter;1509;SC Sölden 1;Dr. Bernauer, Bernhard;1460;"=""0 - 2"""
BMM;2025/26;Bereichsliga Süd 3;7;7;SC Sölden 1;Drömer, Uwe;1162;SK Ebringen 2;Schüler, Winfried;1570;"=""2 - 0"""
BMM;2025/26;Bereichsliga Süd 3;7;8;SK Ebringen 2;Seidel, Rene;1069;SC Sölden 1;Bolanz, Gerhard;1269;"=""2 - 0"""
BMM;2025/26;Bereichsliga Süd 3;7;1;SG Schopfheim 1;Fischer, Thomas;1828;SC Umkirch 1;Risch, Wolfgang;1900;"=""2 - 0"""
BMM;2025/26;Bereichsliga Süd 3;7;2;SC Umkirch 1;Gugel, Tobias;1890;SG Schopfheim 1;Schleith, Stefan;1894;"=""2 - 0"""
BMM;2025/26;Bereichsliga Süd 3;7;3;SG Schopfheim 1;Steen, Matthias;1855;SC Umkirch 1;Dr. Ufheil, Joachim;1842;"=""1 - 1"""
BMM;2025/26;Bereichsliga Süd 3;7;4;SC Umkirch 1;Dr. Blum, Ronny;1735;SG Schopfheim 1;Bauer, Stefan;1753;"=""2 - 0"""
BMM;2025/26;Bereichsliga Süd 3;7;5;SG Schopfheim 1;Bernwallner, Stefan;1738;SC Umkirch 1;Hunn, Bernhard;1676;"=""0 - 2"""
BMM;2025/26;Bereichsliga Süd 3;7;6;SC Umkirch 1;Fuss, Michael;1621;SG Schopfheim 1;Berger, Roland;1694;"=""2 - 0"""
BMM;2025/26;Bereichsliga Süd 3;7;7;SG Schopfheim 1;Gsell, Richard;1580;SC Umkirch 1;Bruno, Claudio;1572;"=""1 - 1"""
BMM;2025/26;Bereichsliga Süd 3;7;8;SC Umkirch 1;Lehmann, Arnold;1503;SG Schopfheim 1;Sander, David;1397;"=""1 - 1"""
BMM;2025/26;Bereichsliga Süd 3;7;1;SC Brombach 4;Schambach, Frank;1909;SK Freiburg West 2;Tadjalli Mehr, Kian;1762;"=""0 - 2"""
BMM;2025/26;Bereichsliga Süd 3;7;2;SK Freiburg West 2;Rümmele, Tobias;1742;SC Brombach 4;Haag, Markus;1888;"=""1 - 1"""
BMM;2025/26;Bereichsliga Süd 3;7;3;SC Brombach 4;Wouatong Nguebdob, Henock Landry;1749;SK Freiburg West 2;Grothe, Stefan;1722;"=""1 - 1"""
BMM;2025/26;Bereichsliga Süd 3;7;4;SK Freiburg West 2;Litwin, Tim;1676;SC Brombach 4;Teodosio, Nathan;;"=""2 - 0"""
BMM;2025/26;Bereichsliga Süd 3;7;5;SC Brombach 4;Körtvely, Elöd;1442;SK Freiburg West 2;Prof. Dr. Van der Bij, Jochum;1670;"=""0 - 2"""
BMM;2025/26;Bereichsliga Süd 3;7;6;SK Freiburg West 2;van Almsick, Hanna;1388;SC Brombach 4;Loui, Henning;1262;"=""1 - 1"""
BMM;2025/26;Bereichsliga Süd 3;7;7;SC Brombach 4;Koch, Benjamin;1300;SK Freiburg West 2;Naguchev, Vadim;1650;"=""1 - 1"""
BMM;2025/26;Bereichsliga Süd 3;7;8;SK Freiburg West 2;Isaart, Kevin;1220;SC Brombach 4;Oktai, Niklas;;"=""1 - 1"""
BMM;2025/26;Bereichsliga Süd 3;8;1;SC Brombach 4;Schambach, Frank;1909;SC Heitersheim 2;Wienberg, Robin;1804;"=""2 - 0"""
BMM;2025/26;Bereichsliga Süd 3;8;2;SC Heitersheim 2;Dr. Spitzer, Martin;1796;SC Brombach 4;Haag, Markus;1888;"=""0 - 2"""
BMM;2025/26;Bereichsliga Süd 3;8;3;SC Brombach 4;Wouatong Nguebdob, Henock Landry;1749;SC Heitersheim 2;Prill, Gerhard;1735;"=""2 - 0"""
BMM;2025/26;Bereichsliga Süd 3;8;4;SC Heitersheim 2;Puchta, Dieter;1862;SC Brombach 4;Frey, Rudolf;1706;"=""2 - 0"""
BMM;2025/26;Bereichsliga Süd 3;8;5;SC Brombach 4;Weimann-Zupan, Ralf;1678;SC Heitersheim 2;Dr. Nozulak, Joachim;1315;"=""1 - 1"""
BMM;2025/26;Bereichsliga Süd 3;8;6;SC Heitersheim 2;Matthewson, John;1175;SC Brombach 4;Loui, Henning;1262;"=""0 - 2"""
BMM;2025/26;Bereichsliga Süd 3;8;7;SC Brombach 4;Koch, Benjamin;1300;SC Heitersheim 2;Hucklesby, David;1009;"=""2 - 0"""
BMM;2025/26;Bereichsliga Süd 3;8;8;SC Heitersheim 2;Wiesner, Silvan;814;SC Brombach 4;Oktai, Niklas;;"=""0 - 2"""
BMM;2025/26;Bereichsliga Süd 3;8;1;SK Freiburg West 2;Akis, Akin;1924;SG Schopfheim 1;Fischer, Thomas;1828;"=""0 - 2"""
BMM;2025/26;Bereichsliga Süd 3;8;2;SG Schopfheim 1;Schleith, Stefan;1894;SK Freiburg West 2;Tadjalli Mehr, Kian;1762;"=""1 - 1"""
BMM;2025/26;Bereichsliga Süd 3;8;3;SK Freiburg West 2;Maisel, Mathis;1800;SG Schopfheim 1;Steen, Matthias;1855;"=""2 - 0"""
BMM;2025/26;Bereichsliga Süd 3;8;4;SG Schopfheim 1;Bauer, Stefan;1753;SK Freiburg West 2;Rümmele, Tobias;1742;"=""0 - 2"""
BMM;2025/26;Bereichsliga Süd 3;8;5;SK Freiburg West 2;Grothe, Stefan;1722;SG Schopfheim 1;Bernwallner, Stefan;1738;"=""2 - 0"""
BMM;2025/26;Bereichsliga Süd 3;8;6;SG Schopfheim 1;Gsell, Richard;1580;SK Freiburg West 2;Naguchev, Vadim;1650;"=""0 - 2"""
BMM;2025/26;Bereichsliga Süd 3;8;7;SK Freiburg West 2;Waldvogel, Michael;1604;SG Schopfheim 1;Luz, Hans;1513;"=""1 - 1"""
BMM;2025/26;Bereichsliga Süd 3;8;8;SG Schopfheim 1;Sander, David;1397;SK Freiburg West 2;Rizzo, Salvatore;1515;"=""0 - 2"""
BMM;2025/26;Bereichsliga Süd 3;8;1;SC Umkirch 1;Risch, Wolfgang;1900;SC Sölden 1;Dr. Bath, Peter;1843;"=""1 - 1"""
BMM;2025/26;Bereichsliga Süd 3;8;2;SC Sölden 1;Backhaus, Eric;1515;SC Umkirch 1;Gugel, Tobias;1890;"=""0 - 2"""
BMM;2025/26;Bereichsliga Süd 3;8;3;SC Umkirch 1;Dr. Ufheil, Joachim;1842;SC Sölden 1;Hug, Fridolin;1515;"=""1 - 1"""
BMM;2025/26;Bereichsliga Süd 3;8;4;SC Sölden 1;Yazvytskyi, Jurii;1428;SC Umkirch 1;Dr. Blum, Ronny;1735;"=""0 - 2"""
BMM;2025/26;Bereichsliga Süd 3;8;5;SC Umkirch 1;Hunn, Bernhard;1676;SC Sölden 1;Kenz, Dieter;1459;"=""2 - 0"""
BMM;2025/26;Bereichsliga Süd 3;8;6;SC Sölden 1;Dr. Bernauer, Bernhard;1460;SC Umkirch 1;Fuss, Michael;1621;"=""0 - 2"""
BMM;2025/26;Bereichsliga Süd 3;8;7;SC Umkirch 1;Bruno, Claudio;1572;SC Sölden 1;Sariffodeen, Ronnie;1451;"=""1 - 1"""
BMM;2025/26;Bereichsliga Süd 3;8;8;SC Sölden 1;Drömer, Uwe;1162;SC Umkirch 1;Lehmann, Arnold;1503;"=""1 - 1"""
BMM;2025/26;Bereichsliga Süd 3;8;1;SK Ebringen 2;Vogelbacher, Georg;1964;Schw. Pumpe Freiburg 1;Hörmann, Florian;2023;"=""1 - 1"""
BMM;2025/26;Bereichsliga Süd 3;8;2;Schw. Pumpe Freiburg 1;Schoch, Thomas;1982;SK Ebringen 2;Fink, Markus;1877;"=""2 - 0"""
BMM;2025/26;Bereichsliga Süd 3;8;3;SK Ebringen 2;Dukic, Ivan;1856;Schw. Pumpe Freiburg 1;Grübner, Dietrich;1885;"=""1 - 1"""
BMM;2025/26;Bereichsliga Süd 3;8;4;Schw. Pumpe Freiburg 1;Do, Van;1703;SK Ebringen 2;Pfefferle, Matthias;1628;"=""2 - 0"""
BMM;2025/26;Bereichsliga Süd 3;8;5;SK Ebringen 2;Riesterer, Michael;1609;Schw. Pumpe Freiburg 1;Bühler, Markus;1690;"=""1 - 1"""
BMM;2025/26;Bereichsliga Süd 3;8;6;Schw. Pumpe Freiburg 1;Dr. Reschika, Richard;;SK Ebringen 2;Bauer, Michael;1508;"=""1 - 1"""
BMM;2025/26;Bereichsliga Süd 3;8;7;SK Ebringen 2;Brezczinsky, Jörg;1557;Schw. Pumpe Freiburg 1;De Cunzo, Gino;1408;"=""2 - 0"""
BMM;2025/26;Bereichsliga Süd 3;8;8;Schw. Pumpe Freiburg 1;;;SK Ebringen 2;Weißflog, Hans-Dieter;1509;"=""4 - 6"""
BMM;2025/26;Bereichsliga Süd 3;8;1;SK Rheinfelden 1;Damdinsuren, Az;1740;SC Dreiländereck 2;Bender, Stefan;1829;"=""2 - 0"""
BMM;2025/26;Bereichsliga Süd 3;8;2;SC Dreiländereck 2;Bäder, Karl-Christian;1768;SK Rheinfelden 1;Haag, Rolf;1690;"=""2 - 0"""
BMM;2025/26;Bereichsliga Süd 3;8;3;SK Rheinfelden 1;Konysbekov, Darmen;1426;SC Dreiländereck 2;Mackels, Jean-Louis;1840;"=""2 - 0"""
BMM;2025/26;Bereichsliga Süd 3;8;4;SC Dreiländereck 2;Lutz, Horst;1713;SK Rheinfelden 1;Schneider, Andre;1557;"=""2 - 0"""
BMM;2025/26;Bereichsliga Süd 3;8;5;SK Rheinfelden 1;Adamek, Gerd-Dieter;1640;SC Dreiländereck 2;Bruckert, Frederic;1784;"=""0 - 2"""
BMM;2025/26;Bereichsliga Süd 3;8;6;SC Dreiländereck 2;Lischka, Joachim;1365;SK Rheinfelden 1;Kaiser, Robert;1369;"=""1 - 1"""
BMM;2025/26;Bereichsliga Süd 3;8;7;SK Rheinfelden 1;Lücke, Liam;1320;SC Dreiländereck 2;Tatarenko, Artem;1229;"=""1 - 1"""
BMM;2025/26;Bereichsliga Süd 3;8;8;SC Dreiländereck 2;Hösli, Timo;972;SK Rheinfelden 1;Ödül, Ismail Irfan;;"=""2 - 0"""
BMM;2025/26;Bereichsliga Süd 3;9;1;SC Heitersheim 2;Gkegkas, Viktor;1815;SK Rheinfelden 1;Steinacher, Janis;1870;"=""0 - 2"""
BMM;2025/26;Bereichsliga Süd 3;9;2;SK Rheinfelden 1;Gashi, Arsim;1603;SC Heitersheim 2;Prill, Gerhard;1735;"=""2 - 0"""
BMM;2025/26;Bereichsliga Süd 3;9;3;SC Heitersheim 2;Puchta, Dieter;1862;SK Rheinfelden 1;Haag, Rolf;1690;"=""2 - 0"""
BMM;2025/26;Bereichsliga Süd 3;9;4;SK Rheinfelden 1;Konysbekov, Darmen;1426;SC Heitersheim 2;Kühr, Mirko;1502;"=""2 - 0"""
BMM;2025/26;Bereichsliga Süd 3;9;5;SC Heitersheim 2;Cicak, Vinko;1491;SK Rheinfelden 1;Kaiser, Robert;1369;"=""0 - 2"""
BMM;2025/26;Bereichsliga Süd 3;9;6;SK Rheinfelden 1;Ödül, Ismail Irfan;;SC Heitersheim 2;Leslie, Philip;1521;"=""1 - 1"""
BMM;2025/26;Bereichsliga Süd 3;9;7;SC Heitersheim 2;Kösem, Akin;1355;SK Rheinfelden 1;;;"=""6 - 4"""
BMM;2025/26;Bereichsliga Süd 3;9;8;SK Rheinfelden 1;;;SC Heitersheim 2;Schmidinger, Luca;;"=""4 - 6"""
BMM;2025/26;Bereichsliga Süd 3;9;1;SC Dreiländereck 2;Malachowski, Margrit;1946;SK Ebringen 2;Bösch, Heinz;1786;"=""1 - 1"""
BMM;2025/26;Bereichsliga Süd 3;9;2;SK Ebringen 2;Riesterer, Michael;1609;SC Dreiländereck 2;Bender, Stefan;1829;"=""1 - 1"""
BMM;2025/26;Bereichsliga Süd 3;9;3;SC Dreiländereck 2;Bäder, Karl-Christian;1768;SK Ebringen 2;Bauer, Michael;1508;"=""0 - 2"""
BMM;2025/26;Bereichsliga Süd 3;9;4;SK Ebringen 2;Brezczinsky, Jörg;1557;SC Dreiländereck 2;Karlin, Simon;1393;"=""1 - 1"""
BMM;2025/26;Bereichsliga Süd 3;9;5;SC Dreiländereck 2;Schätzle, Thomas;1563;SK Ebringen 2;Weißflog, Hans-Dieter;1509;"=""1 - 1"""
BMM;2025/26;Bereichsliga Süd 3;9;6;SK Ebringen 2;Schüler, Winfried;1570;SC Dreiländereck 2;Kern, Silas;1120;"=""1 - 1"""
BMM;2025/26;Bereichsliga Süd 3;9;7;SC Dreiländereck 2;Sacher, Justus;;SK Ebringen 2;Seidel, Rene;1069;"=""2 - 0"""
BMM;2025/26;Bereichsliga Süd 3;9;8;SK Ebringen 2;Rieder, Wolfgang;;SC Dreiländereck 2;;;"=""6 - 4"""
BMM;2025/26;Bereichsliga Süd 3;9;1;Schw. Pumpe Freiburg 1;Hörmann, Florian;2023;SC Umkirch 1;Risch, Wolfgang;1900;"=""2 - 0"""
BMM;2025/26;Bereichsliga Süd 3;9;2;SC Umkirch 1;Gugel, Tobias;1890;Schw. Pumpe Freiburg 1;Grübner, Dietrich;1885;"=""0 - 2"""
BMM;2025/26;Bereichsliga Süd 3;9;3;Schw. Pumpe Freiburg 1;Satlow, Stefan;1731;SC Umkirch 1;Dr. Ufheil, Joachim;1842;"=""1 - 1"""
BMM;2025/26;Bereichsliga Süd 3;9;4;SC Umkirch 1;Dr. Blum, Ronny;1735;Schw. Pumpe Freiburg 1;Do, Van;1703;"=""2 - 0"""
BMM;2025/26;Bereichsliga Süd 3;9;5;Schw. Pumpe Freiburg 1;Dr. Reschika, Richard;;SC Umkirch 1;Hunn, Bernhard;1676;"=""1 - 1"""
BMM;2025/26;Bereichsliga Süd 3;9;6;SC Umkirch 1;Fuss, Michael;1621;Schw. Pumpe Freiburg 1;De Cunzo, Gino;1408;"=""2 - 0"""
BMM;2025/26;Bereichsliga Süd 3;9;7;Schw. Pumpe Freiburg 1;Baldinger, Roland;1133;SC Umkirch 1;Bruno, Claudio;1572;"=""0 - 2"""
BMM;2025/26;Bereichsliga Süd 3;9;8;SC Umkirch 1;Lehmann, Arnold;1503;Schw. Pumpe Freiburg 1;;;"=""6 - 4"""
BMM;2025/26;Bereichsliga Süd 3;9;1;SC Sölden 1;Dr. Bath, Peter;1843;SK Freiburg West 2;Maisel, Mathis;1800;"=""1 - 1"""
BMM;2025/26;Bereichsliga Süd 3;9;2;SK Freiburg West 2;Rümmele, Tobias;1742;SC Sölden 1;Backhaus, Eric;1515;"=""0 - 2"""
BMM;2025/26;Bereichsliga Süd 3;9;3;SC Sölden 1;Wirbel, Klaus;1556;SK Freiburg West 2;Grothe, Stefan;1722;"=""0 - 2"""
BMM;2025/26;Bereichsliga Süd 3;9;4;SK Freiburg West 2;Litwin, Tim;1676;SC Sölden 1;Yazvytskyi, Jurii;1428;"=""2 - 0"""
BMM;2025/26;Bereichsliga Süd 3;9;5;SC Sölden 1;Kenz, Dieter;1459;SK Freiburg West 2;van Almsick, Hanna;1388;"=""0 - 2"""
BMM;2025/26;Bereichsliga Süd 3;9;6;SK Freiburg West 2;Naguchev, Vadim;1650;SC Sölden 1;Dr. Bernauer, Bernhard;1460;"=""2 - 0"""
BMM;2025/26;Bereichsliga Süd 3;9;7;SC Sölden 1;Drömer, Uwe;1162;SK Freiburg West 2;Waldvogel, Michael;1604;"=""0 - 2"""
BMM;2025/26;Bereichsliga Süd 3;9;8;SK Freiburg West 2;Rizzo, Salvatore;1515;SC Sölden 1;Tarnopolski, Roman;;"=""0 - 2"""
BMM;2025/26;Bereichsliga Süd 3;9;1;SG Schopfheim 1;Fischer, Thomas;1828;SC Brombach 4;Weimann-Zupan, Ralf;1678;"=""2 - 0"""
BMM;2025/26;Bereichsliga Süd 3;9;2;SC Brombach 4;Körtvely, Elöd;1442;SG Schopfheim 1;Schleith, Stefan;1894;"=""0 - 2"""
BMM;2025/26;Bereichsliga Süd 3;9;3;SG Schopfheim 1;Steen, Matthias;1855;SC Brombach 4;Bonitz, Ronny;1394;"=""2 - 0"""
BMM;2025/26;Bereichsliga Süd 3;9;4;SC Brombach 4;Pross, Bernd;1370;SG Schopfheim 1;Bauer, Stefan;1753;"=""0 - 2"""
BMM;2025/26;Bereichsliga Süd 3;9;5;SG Schopfheim 1;Bernwallner, Stefan;1738;SC Brombach 4;Hoppe, Tobias;;"=""2 - 0"""
BMM;2025/26;Bereichsliga Süd 3;9;6;SC Brombach 4;Koch, Benjamin;1300;SG Schopfheim 1;Berger, Roland;1694;"=""2 - 0"""
BMM;2025/26;Bereichsliga Süd 3;9;7;SG Schopfheim 1;Gsell, Richard;1580;SC Brombach 4;Zinchenko, Danylo;;"=""2 - 0"""
BMM;2025/26;Bereichsliga Süd 3;9;8;SC Brombach 4;Oktai, Niklas;;SG Schopfheim 1;Burkhard, Peter;1113;"=""2 - 0"""
BMM;2025/26;Bezirksklasse Hochrhein;1;1;SC Brombach 6;Gultyaev, Dmitry;;SC Brombach 5;Hecht, Isabel;965;"=""2 - 0"""
BMM;2025/26;Bezirksklasse Hochrhein;1;2;SC Brombach 5;Niederberger, Kaspar Ludwig;896;SC Brombach 6;Gultyaev, Alisa;;"=""2 - 0"""
BMM;2025/26;Bezirksklasse Hochrhein;1;3;SC Brombach 6;Gultyaev, Maxim;;SC Brombach 5;Chandra, Akshat;;"=""2 - 0"""
BMM;2025/26;Bezirksklasse Hochrhein;1;4;SC Brombach 5;;;SC Brombach 6;;;"=""0 - 0"""
BMM;2025/26;Bezirksklasse Hochrhein;1;1;SGEM Waldshut-Tiengen 3;Puskaric Leal, Luis;1813;SGEM Waldshut-Tiengen 2;Ebi, Jan;1452;"=""2 - 0"""
BMM;2025/26;Bezirksklasse Hochrhein;1;2;SGEM Waldshut-Tiengen 2;Feidel, Christian;1570;SGEM Waldshut-Tiengen 3;Bürk, Felix;;"=""2 - 0"""
BMM;2025/26;Bezirksklasse Hochrhein;1;3;SGEM Waldshut-Tiengen 3;Bürk, David;;SGEM Waldshut-Tiengen 2;Schlachter, Dominik;1618;"=""0 - 2"""
BMM;2025/26;Bezirksklasse Hochrhein;1;4;SGEM Waldshut-Tiengen 2;Mortasawi, Mazda;1175;SGEM Waldshut-Tiengen 3;Bürk, Lukas;;"=""2 - 0"""
BMM;2025/26;Bezirksklasse Hochrhein;1;1;SC Dreiländereck 4;Lischka, Joachim;1365;SC Dreiländereck 3;Dr. Rakus, Klaus;1555;"=""1 - 1"""
BMM;2025/26;Bezirksklasse Hochrhein;1;2;SC Dreiländereck 3;Tatarenko, Artem;1229;SC Dreiländereck 4;Johé, Hildegard;1200;"=""2 - 0"""
BMM;2025/26;Bezirksklasse Hochrhein;1;3;SC Dreiländereck 4;Cheremensky, Nicolay;;SC Dreiländereck 3;Hösli, Timo;972;"=""0 - 2"""
BMM;2025/26;Bezirksklasse Hochrhein;1;4;SC Dreiländereck 3;Krause, Elias;;SC Dreiländereck 4;Rogg, Raphael;;"=""1 - 1"""
BMM;2025/26;Bezirksklasse Hochrhein;1;1;TV Kadelburg 1;Schönherr, Konrad;1778;SK Rheinfelden 2;Lücke, Liam;1320;"=""2 - 0"""
BMM;2025/26;Bezirksklasse Hochrhein;1;2;SK Rheinfelden 2;Ödül, Ismail Irfan;;TV Kadelburg 1;Rojas Albores, Graciela Ivonne;1519;"=""2 - 0"""
BMM;2025/26;Bezirksklasse Hochrhein;1;3;TV Kadelburg 1;Ormann, Georg Philipp;914;SK Rheinfelden 2;Jost, Hansruedi;1070;"=""2 - 0"""
BMM;2025/26;Bezirksklasse Hochrhein;1;4;SK Rheinfelden 2;Ferstl, Moritz;;TV Kadelburg 1;Mielke, Bernd;;"=""0 - 2"""
BMM;2025/26;Bezirksklasse Hochrhein;1;1;SC Laufenburg 1;Zorn, Nico;1694;SG Schopfheim 2;;;"=""6 - 4"""
BMM;2025/26;Bezirksklasse Hochrhein;1;2;SG Schopfheim 2;;;SC Laufenburg 1;Bader, Daniel;;"=""4 - 6"""
BMM;2025/26;Bezirksklasse Hochrhein;1;3;SC Laufenburg 1;Moser, Benno;1506;SG Schopfheim 2;;;"=""6 - 4"""
BMM;2025/26;Bezirksklasse Hochrhein;1;4;SG Schopfheim 2;;;SC Laufenburg 1;Wegener, Lukas;988;"=""4 - 6"""
BMM;2025/26;Bezirksklasse Hochrhein;2;1;SC Laufenburg 1;Zorn, Nico;1694;SC Brombach 6;Pross, Bernd;1370;"=""0 - 2"""
BMM;2025/26;Bezirksklasse Hochrhein;2;2;SC Brombach 6;Hoppe, Tobias;;SC Laufenburg 1;Bader, Daniel;;"=""1 - 1"""
BMM;2025/26;Bezirksklasse Hochrhein;2;3;SC Laufenburg 1;Moser, Benno;1506;SC Brombach 6;Pikhur, Maksym;;"=""2 - 0"""
BMM;2025/26;Bezirksklasse Hochrhein;2;4;SC Brombach 6;Zinchenko, Danylo;;SC Laufenburg 1;Wegener, Lukas;988;"=""0 - 2"""
BMM;2025/26;Bezirksklasse Hochrhein;2;1;SG Schopfheim 2;Bähr, Wolfgang;1484;TV Kadelburg 1;Schönherr, Konrad;1778;"=""1 - 1"""
BMM;2025/26;Bezirksklasse Hochrhein;2;2;TV Kadelburg 1;Franz, Elias;;SG Schopfheim 2;Luz, Hans;1513;"=""1 - 1"""
BMM;2025/26;Bezirksklasse Hochrhein;2;3;SG Schopfheim 2;Kraus, Werner;1335;TV Kadelburg 1;Rojas Albores, Graciela Ivonne;1519;"=""1 - 1"""
BMM;2025/26;Bezirksklasse Hochrhein;2;4;TV Kadelburg 1;Ormann, Georg Philipp;914;SG Schopfheim 2;Pfefferle, Helmut;1293;"=""2 - 0"""
BMM;2025/26;Bezirksklasse Hochrhein;2;1;SK Rheinfelden 2;Adamek, Gerd-Dieter;1640;SC Dreiländereck 4;Johé, Hildegard;1200;"=""2 - 0"""
BMM;2025/26;Bezirksklasse Hochrhein;2;2;SC Dreiländereck 4;Cheremensky, Nicolay;;SK Rheinfelden 2;Weber, Janick;;"=""0 - 2"""
BMM;2025/26;Bezirksklasse Hochrhein;2;3;SK Rheinfelden 2;Bagci, Tarik;;SC Dreiländereck 4;Rogg, Raphael;;"=""0 - 2"""
BMM;2025/26;Bezirksklasse Hochrhein;2;4;SC Dreiländereck 4;Estebanez Singh, Christian Javier;;SK Rheinfelden 2;Ferstl, Moritz;;"=""0 - 2"""
BMM;2025/26;Bezirksklasse Hochrhein;2;1;SC Dreiländereck 3;;;SGEM Waldshut-Tiengen 3;Mortasawi, Mazda;1175;"=""4 - 6"""
BMM;2025/26;Bezirksklasse Hochrhein;2;2;SGEM Waldshut-Tiengen 3;Mortasawi, Zubin;842;SC Dreiländereck 3;;;"=""6 - 4"""
BMM;2025/26;Bezirksklasse Hochrhein;2;3;SC Dreiländereck 3;;;SGEM Waldshut-Tiengen 3;Mortasawi, Key;776;"=""4 - 6"""
BMM;2025/26;Bezirksklasse Hochrhein;2;4;SGEM Waldshut-Tiengen 3;Mortasawi, Ava;;SC Dreiländereck 3;;;"=""6 - 4"""
BMM;2025/26;Bezirksklasse Hochrhein;2;1;SGEM Waldshut-Tiengen 2;;;SC Brombach 5;Gultyaev, Dmitry;;"=""4 - 6"""
BMM;2025/26;Bezirksklasse Hochrhein;2;2;SC Brombach 5;Parsa, Ahmad Komail;;SGEM Waldshut-Tiengen 2;;;"=""6 - 4"""
BMM;2025/26;Bezirksklasse Hochrhein;2;3;SGEM Waldshut-Tiengen 2;;;SC Brombach 5;Gultyaev, Alisa;;"=""4 - 6"""
BMM;2025/26;Bezirksklasse Hochrhein;2;4;SC Brombach 5;Gultyaev, Maxim;;SGEM Waldshut-Tiengen 2;;;"=""6 - 4"""
BMM;2025/26;Bezirksklasse Hochrhein;3;1;SC Brombach 6;Pikhur, Maksym;;SGEM Waldshut-Tiengen 2;Mortasawi, Mazda;1175;"=""2 - 0"""
BMM;2025/26;Bezirksklasse Hochrhein;3;2;SGEM Waldshut-Tiengen 2;Mortasawi, Key;776;SC Brombach 6;Zinchenko, Danylo;;"=""0 - 2"""
BMM;2025/26;Bezirksklasse Hochrhein;3;3;SC Brombach 6;Gultyaev, Alisa;;SGEM Waldshut-Tiengen 2;Mortasawi, Ava;;"=""0 - 2"""
BMM;2025/26;Bezirksklasse Hochrhein;3;4;SGEM Waldshut-Tiengen 2;Kaiser, Niklas;1136;SC Brombach 6;Gultyaev, Maxim;;"=""2 - 0"""
BMM;2025/26;Bezirksklasse Hochrhein;3;1;SC Brombach 5;Bonitz, Ronny;1394;SC Dreiländereck 3;Dr. Rakus, Klaus;1555;"=""0 - 2"""
BMM;2025/26;Bezirksklasse Hochrhein;3;2;SC Dreiländereck 3;Hoffmann, Jan;1163;SC Brombach 5;Pross, Bernd;1370;"=""1 - 1"""
BMM;2025/26;Bezirksklasse Hochrhein;3;3;SC Brombach 5;Hoppe, Tobias;;SC Dreiländereck 3;Kern, Silas;1120;"=""2 - 0"""
BMM;2025/26;Bezirksklasse Hochrhein;3;4;SC Dreiländereck 3;Sacher, Justus;;SC Brombach 5;Parsa, Ahmad Komail;;"=""2 - 0"""
BMM;2025/26;Bezirksklasse Hochrhein;3;1;SGEM Waldshut-Tiengen 3;;;SK Rheinfelden 2;Adamek, Gerd-Dieter;1640;"=""4 - 6"""
BMM;2025/26;Bezirksklasse Hochrhein;3;2;SK Rheinfelden 2;Kaiser, Robert;1369;SGEM Waldshut-Tiengen 3;;;"=""6 - 4"""
BMM;2025/26;Bezirksklasse Hochrhein;3;3;SGEM Waldshut-Tiengen 3;;;SK Rheinfelden 2;Ödül, Ismail Irfan;;"=""4 - 6"""
BMM;2025/26;Bezirksklasse Hochrhein;3;4;SK Rheinfelden 2;Jost, Hansruedi;1070;SGEM Waldshut-Tiengen 3;;;"=""6 - 4"""
BMM;2025/26;Bezirksklasse Hochrhein;3;1;SC Dreiländereck 4;Lischka, Joachim;1365;SG Schopfheim 2;Bähr, Wolfgang;1484;"=""1 - 1"""
BMM;2025/26;Bezirksklasse Hochrhein;3;2;SG Schopfheim 2;Pfefferle, Helmut;1293;SC Dreiländereck 4;Hösli, Timo;972;"=""0 - 2"""
BMM;2025/26;Bezirksklasse Hochrhein;3;3;SC Dreiländereck 4;Cheremensky, Nicolay;;SG Schopfheim 2;Steinberg, Rüdiger;;"=""0 - 2"""
BMM;2025/26;Bezirksklasse Hochrhein;3;4;SG Schopfheim 2;Karakas, Mirac;;SC Dreiländereck 4;Rogg, Raphael;;"=""0 - 2"""
BMM;2025/26;Bezirksklasse Hochrhein;3;1;TV Kadelburg 1;Schönherr, Konrad;1778;SC Laufenburg 1;Zorn, Nico;1694;"=""2 - 0"""
BMM;2025/26;Bezirksklasse Hochrhein;3;2;SC Laufenburg 1;Moser, Benno;1506;TV Kadelburg 1;Franz, Elias;;"=""1 - 1"""
BMM;2025/26;Bezirksklasse Hochrhein;3;3;TV Kadelburg 1;Franz, Claudius;;SC Laufenburg 1;Rückert, Werner;1448;"=""0 - 2"""
BMM;2025/26;Bezirksklasse Hochrhein;3;4;SC Laufenburg 1;Wegener, Lukas;988;TV Kadelburg 1;Jander, Marvin;;"=""2 - 0"""
BMM;2025/26;Bezirksklasse Hochrhein;4;1;TV Kadelburg 1;Schönherr, Konrad;1778;SC Brombach 6;Gultyaev, Dmitry;;"=""2 - 0"""
BMM;2025/26;Bezirksklasse Hochrhein;4;2;SC Brombach 6;Niederberger, Kaspar Ludwig;896;TV Kadelburg 1;Franz, Elias;;"=""2 - 0"""
BMM;2025/26;Bezirksklasse Hochrhein;4;3;TV Kadelburg 1;Franz, Claudius;;SC Brombach 6;Gultyaev, Alisa;;"=""2 - 0"""
BMM;2025/26;Bezirksklasse Hochrhein;4;4;SC Brombach 6;Casanova, Gian Luigi;;TV Kadelburg 1;Mielke, Bernd;;"=""1 - 1"""
BMM;2025/26;Bezirksklasse Hochrhein;4;1;SC Laufenburg 1;Bader, Daniel;;SC Dreiländereck 4;Lischka, Joachim;1365;"=""2 - 0"""
BMM;2025/26;Bezirksklasse Hochrhein;4;2;SC Dreiländereck 4;Hösli, Timo;972;SC Laufenburg 1;Moser, Benno;1506;"=""0 - 2"""
BMM;2025/26;Bezirksklasse Hochrhein;4;3;SC Laufenburg 1;Wegener, Lukas;988;SC Dreiländereck 4;Cheremensky, Nicolay;;"=""2 - 0"""
BMM;2025/26;Bezirksklasse Hochrhein;4;4;SC Dreiländereck 4;Rogg, Raphael;;SC Laufenburg 1;Stanzu, Daniele;;"=""2 - 0"""
BMM;2025/26;Bezirksklasse Hochrhein;4;1;SG Schopfheim 2;Luz, Hans;1513;SGEM Waldshut-Tiengen 3;Rafiq, Pascal;1702;"=""0 - 2"""
BMM;2025/26;Bezirksklasse Hochrhein;4;2;SGEM Waldshut-Tiengen 3;Henninger, Michael;1684;SG Schopfheim 2;Kraus, Werner;1335;"=""2 - 0"""
BMM;2025/26;Bezirksklasse Hochrhein;4;3;SG Schopfheim 2;Steinberg, Rüdiger;;SGEM Waldshut-Tiengen 3;Mortasawi, Mazda;1175;"=""0 - 2"""
BMM;2025/26;Bezirksklasse Hochrhein;4;4;SGEM Waldshut-Tiengen 3;;;SG Schopfheim 2;;;"=""0 - 0"""
BMM;2025/26;Bezirksklasse Hochrhein;4;1;SK Rheinfelden 2;Lücke, Liam;1320;SC Brombach 5;Pross, Bernd;1370;"=""1 - 1"""
BMM;2025/26;Bezirksklasse Hochrhein;4;2;SC Brombach 5;Hoppe, Tobias;;SK Rheinfelden 2;Ödül, Ismail Irfan;;"=""0 - 2"""
BMM;2025/26;Bezirksklasse Hochrhein;4;3;SK Rheinfelden 2;Jost, Hansruedi;1070;SC Brombach 5;Parsa, Ahmad Komail;;"=""0 - 2"""
BMM;2025/26;Bezirksklasse Hochrhein;4;4;SC Brombach 5;Hecht, Isabel;965;SK Rheinfelden 2;Ferstl, Moritz;;"=""0 - 2"""
BMM;2025/26;Bezirksklasse Hochrhein;4;1;SC Dreiländereck 3;;;SGEM Waldshut-Tiengen 2;;;"=""0 - 0"""
BMM;2025/26;Bezirksklasse Hochrhein;4;2;SGEM Waldshut-Tiengen 2;;;SC Dreiländereck 3;;;"=""0 - 0"""
BMM;2025/26;Bezirksklasse Hochrhein;4;3;SC Dreiländereck 3;;;SGEM Waldshut-Tiengen 2;;;"=""0 - 0"""
BMM;2025/26;Bezirksklasse Hochrhein;4;4;SGEM Waldshut-Tiengen 2;;;SC Dreiländereck 3;;;"=""0 - 0"""
BMM;2025/26;Bezirksklasse Hochrhein;5;1;SC Brombach 6;Gultyaev, Dmitry;;SC Dreiländereck 3;Dr. Rakus, Klaus;1555;"=""0 - 2"""
BMM;2025/26;Bezirksklasse Hochrhein;5;2;SC Dreiländereck 3;Krause, Elias;;SC Brombach 6;Parsa, Ahmad Komail;;"=""0 - 2"""
BMM;2025/26;Bezirksklasse Hochrhein;5;3;SC Brombach 6;Hecht, Isabel;965;SC Dreiländereck 3;Cheremensky, Nicolay;;"=""2 - 0"""
BMM;2025/26;Bezirksklasse Hochrhein;5;4;SC Dreiländereck 3;Sacher, Justus;;SC Brombach 6;Gultyaev, Maxim;;"=""2 - 0"""
BMM;2025/26;Bezirksklasse Hochrhein;5;1;SGEM Waldshut-Tiengen 2;;;SK Rheinfelden 2;Ödül, Ismail Irfan;;"=""4 - 6"""
BMM;2025/26;Bezirksklasse Hochrhein;5;2;SK Rheinfelden 2;Weber, Janick;;SGEM Waldshut-Tiengen 2;;;"=""6 - 4"""
BMM;2025/26;Bezirksklasse Hochrhein;5;3;SGEM Waldshut-Tiengen 2;;;SK Rheinfelden 2;Bagci, Tarik;;"=""4 - 6"""
BMM;2025/26;Bezirksklasse Hochrhein;5;4;SK Rheinfelden 2;;;SGEM Waldshut-Tiengen 2;;;"=""0 - 0"""
BMM;2025/26;Bezirksklasse Hochrhein;5;1;SC Brombach 5;Pross, Bernd;1370;SG Schopfheim 2;Luz, Hans;1513;"=""0 - 2"""
BMM;2025/26;Bezirksklasse Hochrhein;5;2;SG Schopfheim 2;Kraus, Werner;1335;SC Brombach 5;Hoppe, Tobias;;"=""0 - 2"""
BMM;2025/26;Bezirksklasse Hochrhein;5;3;SC Brombach 5;Tretiak, Aleksandr;883;SG Schopfheim 2;Pfefferle, Helmut;1293;"=""0 - 2"""
BMM;2025/26;Bezirksklasse Hochrhein;5;4;SG Schopfheim 2;Steinberg, Rüdiger;;SC Brombach 5;Niederberger, Kaspar Ludwig;896;"=""0 - 2"""
BMM;2025/26;Bezirksklasse Hochrhein;5;1;SGEM Waldshut-Tiengen 3;Rafiq, Pascal;1702;SC Laufenburg 1;Zorn, Nico;1694;"=""1 - 1"""
BMM;2025/26;Bezirksklasse Hochrhein;5;2;SC Laufenburg 1;Bader, Daniel;;SGEM Waldshut-Tiengen 3;Dewéth, Attyla;;"=""1 - 1"""
BMM;2025/26;Bezirksklasse Hochrhein;5;3;SGEM Waldshut-Tiengen 3;Kaiser, Niklas;1136;SC Laufenburg 1;Moser, Benno;1506;"=""1 - 1"""
BMM;2025/26;Bezirksklasse Hochrhein;5;4;SC Laufenburg 1;Wegener, Lukas;988;SGEM Waldshut-Tiengen 3;;;"=""6 - 4"""
BMM;2025/26;Bezirksklasse Hochrhein;5;1;SC Dreiländereck 4;;;TV Kadelburg 1;Schönherr, Konrad;1778;"=""4 - 6"""
BMM;2025/26;Bezirksklasse Hochrhein;5;2;TV Kadelburg 1;Franz, Elias;;SC Dreiländereck 4;;;"=""6 - 4"""
BMM;2025/26;Bezirksklasse Hochrhein;5;3;SC Dreiländereck 4;;;TV Kadelburg 1;Franz, Claudius;;"=""4 - 6"""
BMM;2025/26;Bezirksklasse Hochrhein;5;4;TV Kadelburg 1;Ormann, Georg Philipp;914;SC Dreiländereck 4;;;"=""6 - 4"""
BMM;2025/26;Bezirksklasse Hochrhein;6;1;SC Dreiländereck 4;Lischka, Joachim;1365;SC Brombach 6;Chandra, Akshat;;"=""1 - 1"""
BMM;2025/26;Bezirksklasse Hochrhein;6;2;SC Brombach 6;Gultyaev, Alisa;;SC Dreiländereck 4;Hösli, Timo;972;"=""0 - 2"""
BMM;2025/26;Bezirksklasse Hochrhein;6;3;SC Dreiländereck 4;Cheremensky, Nicolay;;SC Brombach 6;Gultyaev, Maxim;;"=""2 - 0"""
BMM;2025/26;Bezirksklasse Hochrhein;6;4;SC Brombach 6;Casanova, Gian Luigi;;SC Dreiländereck 4;Rogg, Raphael;;"=""0 - 2"""
BMM;2025/26;Bezirksklasse Hochrhein;6;1;TV Kadelburg 1;Franz, Elias;;SGEM Waldshut-Tiengen 3;Mortasawi, Key;776;"=""2 - 0"""
BMM;2025/26;Bezirksklasse Hochrhein;6;2;SGEM Waldshut-Tiengen 3;Mortasawi, Ava;;TV Kadelburg 1;Franz, Claudius;;"=""0 - 2"""
BMM;2025/26;Bezirksklasse Hochrhein;6;3;TV Kadelburg 1;Mielke, Bernd;;SGEM Waldshut-Tiengen 3;Dewéth, Attyla;;"=""2 - 0"""
BMM;2025/26;Bezirksklasse Hochrhein;6;4;SGEM Waldshut-Tiengen 3;;;TV Kadelburg 1;Nagel, Magnus;;"=""4 - 6"""
BMM;2025/26;Bezirksklasse Hochrhein;6;1;SC Laufenburg 1;Moser, Benno;1506;SC Brombach 5;Hoppe, Tobias;;"=""0 - 2"""
BMM;2025/26;Bezirksklasse Hochrhein;6;2;SC Brombach 5;Zinchenko, Danylo;;SC Laufenburg 1;Rückert, Werner;1448;"=""0 - 2"""
BMM;2025/26;Bezirksklasse Hochrhein;6;3;SC Laufenburg 1;Wegener, Lukas;988;SC Brombach 5;Hecht, Isabel;965;"=""1 - 1"""
BMM;2025/26;Bezirksklasse Hochrhein;6;4;SC Brombach 5;Niederberger, Kaspar Ludwig;896;SC Laufenburg 1;Stanzu, Daniele;;"=""2 - 0"""
BMM;2025/26;Bezirksklasse Hochrhein;6;1;SG Schopfheim 2;Bähr, Wolfgang;1484;SGEM Waldshut-Tiengen 2;Ebi, Jan;1452;"=""0 - 2"""
BMM;2025/26;Bezirksklasse Hochrhein;6;2;SGEM Waldshut-Tiengen 2;Puskaric Leal, Luis;1813;SG Schopfheim 2;Luz, Hans;1513;"=""2 - 0"""
BMM;2025/26;Bezirksklasse Hochrhein;6;3;SG Schopfheim 2;Kraus, Werner;1335;SGEM Waldshut-Tiengen 2;Henninger, Michael;1684;"=""0 - 2"""
BMM;2025/26;Bezirksklasse Hochrhein;6;4;SGEM Waldshut-Tiengen 2;Kaiser, Niklas;1136;SG Schopfheim 2;Pfefferle, Helmut;1293;"=""2 - 0"""
BMM;2025/26;Bezirksklasse Hochrhein;6;1;SK Rheinfelden 2;Lücke, Liam;1320;SC Dreiländereck 3;Dr. Rakus, Klaus;1555;"=""0 - 2"""
BMM;2025/26;Bezirksklasse Hochrhein;6;2;SC Dreiländereck 3;Fiedler, Jörg Alexander;1241;SK Rheinfelden 2;Jost, Hansruedi;1070;"=""2 - 0"""
BMM;2025/26;Bezirksklasse Hochrhein;6;3;SK Rheinfelden 2;Rudschuck, Norbert;;SC Dreiländereck 3;Tatarenko, Artem;1229;"=""2 - 0"""
BMM;2025/26;Bezirksklasse Hochrhein;6;4;SC Dreiländereck 3;Johé, Hildegard;1200;SK Rheinfelden 2;;;"=""6 - 4"""
BMM;2025/26;Bezirksklasse Hochrhein;7;1;SC Brombach 6;Pikhur, Maksym;;SK Rheinfelden 2;Konysbekov, Darmen;1426;"=""2 - 0"""
BMM;2025/26;Bezirksklasse Hochrhein;7;2;SK Rheinfelden 2;Lücke, Liam;1320;SC Brombach 6;Gultyaev, Alisa;;"=""2 - 0"""
BMM;2025/26;Bezirksklasse Hochrhein;7;3;SC Brombach 6;Gultyaev, Maxim;;SK Rheinfelden 2;Jost, Hansruedi;1070;"=""0 - 2"""
BMM;2025/26;Bezirksklasse Hochrhein;7;4;SK Rheinfelden 2;Ferstl, Moritz;;SC Brombach 6;;;"=""6 - 4"""
BMM;2025/26;Bezirksklasse Hochrhein;7;1;SC Dreiländereck 3;Dr. Rakus, Klaus;1555;SG Schopfheim 2;Luz, Hans;1513;"=""2 - 0"""
BMM;2025/26;Bezirksklasse Hochrhein;7;2;SG Schopfheim 2;Kraus, Werner;1335;SC Dreiländereck 3;Dippert, Arno;;"=""2 - 0"""
BMM;2025/26;Bezirksklasse Hochrhein;7;3;SC Dreiländereck 3;Sacher, Justus;;SG Schopfheim 2;Pfefferle, Helmut;1293;"=""2 - 0"""
BMM;2025/26;Bezirksklasse Hochrhein;7;4;SG Schopfheim 2;Steinberg, Rüdiger;;SC Dreiländereck 3;Sacher, Hannes;;"=""0 - 2"""
BMM;2025/26;Bezirksklasse Hochrhein;7;1;SGEM Waldshut-Tiengen 2;;;SC Laufenburg 1;Zorn, Nico;1694;"=""4 - 6"""
BMM;2025/26;Bezirksklasse Hochrhein;7;2;SC Laufenburg 1;Bader, Daniel;;SGEM Waldshut-Tiengen 2;;;"=""6 - 4"""
BMM;2025/26;Bezirksklasse Hochrhein;7;3;SGEM Waldshut-Tiengen 2;;;SC Laufenburg 1;Rückert, Werner;1448;"=""4 - 6"""
BMM;2025/26;Bezirksklasse Hochrhein;7;4;SC Laufenburg 1;Kutzsche, Holger;1220;SGEM Waldshut-Tiengen 2;;;"=""6 - 4"""
BMM;2025/26;Bezirksklasse Hochrhein;7;1;SC Brombach 5;Weimann-Zupan, Ralf;1678;TV Kadelburg 1;Schönherr, Konrad;1778;"=""0 - 2"""
BMM;2025/26;Bezirksklasse Hochrhein;7;2;TV Kadelburg 1;Franz, Elias;;SC Brombach 5;Pross, Bernd;1370;"=""0 - 2"""
BMM;2025/26;Bezirksklasse Hochrhein;7;3;SC Brombach 5;Parsa, Ahmad Komail;;TV Kadelburg 1;Franz, Claudius;;"=""2 - 0"""
BMM;2025/26;Bezirksklasse Hochrhein;7;4;TV Kadelburg 1;Mielke, Bernd;;SC Brombach 5;Niederberger, Kaspar Ludwig;896;"=""0 - 2"""
BMM;2025/26;Bezirksklasse Hochrhein;7;1;SGEM Waldshut-Tiengen 3;;;SC Dreiländereck 4;Lischka, Joachim;1365;"=""4 - 6"""
BMM;2025/26;Bezirksklasse Hochrhein;7;2;SC Dreiländereck 4;Hösli, Timo;972;SGEM Waldshut-Tiengen 3;;;"=""6 - 4"""
BMM;2025/26;Bezirksklasse Hochrhein;7;3;SGEM Waldshut-Tiengen 3;;;SC Dreiländereck 4;Cheremensky, Nicolay;;"=""4 - 6"""
BMM;2025/26;Bezirksklasse Hochrhein;7;4;SC Dreiländereck 4;Rogg, Raphael;;SGEM Waldshut-Tiengen 3;;;"=""6 - 4"""
BMM;2025/26;Bezirksklasse Hochrhein;8;1;SGEM Waldshut-Tiengen 3;;;SC Brombach 6;;;"=""0 - 0"""
BMM;2025/26;Bezirksklasse Hochrhein;8;2;SC Brombach 6;;;SGEM Waldshut-Tiengen 3;;;"=""0 - 0"""
BMM;2025/26;Bezirksklasse Hochrhein;8;3;SGEM Waldshut-Tiengen 3;;;SC Brombach 6;;;"=""0 - 0"""
BMM;2025/26;Bezirksklasse Hochrhein;8;4;SC Brombach 6;;;SGEM Waldshut-Tiengen 3;;;"=""0 - 0"""
BMM;2025/26;Bezirksklasse Hochrhein;8;1;SC Dreiländereck 4;;;SC Brombach 5;;;"=""0 - 0"""
BMM;2025/26;Bezirksklasse Hochrhein;8;2;SC Brombach 5;;;SC Dreiländereck 4;;;"=""0 - 0"""
BMM;2025/26;Bezirksklasse Hochrhein;8;3;SC Dreiländereck 4;;;SC Brombach 5;;;"=""0 - 0"""
BMM;2025/26;Bezirksklasse Hochrhein;8;4;SC Brombach 5;;;SC Dreiländereck 4;;;"=""0 - 0"""
BMM;2025/26;Bezirksklasse Hochrhein;8;1;TV Kadelburg 1;Schönherr, Konrad;1778;SGEM Waldshut-Tiengen 2;Ebi, Jan;1452;"=""2 - 0"""
BMM;2025/26;Bezirksklasse Hochrhein;8;2;SGEM Waldshut-Tiengen 2;Feidel, Christian;1570;TV Kadelburg 1;Franz, Claudius;;"=""2 - 0"""
BMM;2025/26;Bezirksklasse Hochrhein;8;3;TV Kadelburg 1;Mielke, Bernd;;SGEM Waldshut-Tiengen 2;Dewéth, Attyla;;"=""1 - 1"""
BMM;2025/26;Bezirksklasse Hochrhein;8;4;SGEM Waldshut-Tiengen 2;Kaiser, Niklas;1136;TV Kadelburg 1;Nagel, Magnus;;"=""2 - 0"""
BMM;2025/26;Bezirksklasse Hochrhein;8;1;SC Laufenburg 1;;;SC Dreiländereck 3;;;"=""0 - 0"""
BMM;2025/26;Bezirksklasse Hochrhein;8;2;SC Dreiländereck 3;;;SC Laufenburg 1;;;"=""0 - 0"""
BMM;2025/26;Bezirksklasse Hochrhein;8;3;SC Laufenburg 1;;;SC Dreiländereck 3;;;"=""0 - 0"""
BMM;2025/26;Bezirksklasse Hochrhein;8;4;SC Dreiländereck 3;;;SC Laufenburg 1;;;"=""0 - 0"""
BMM;2025/26;Bezirksklasse Hochrhein;8;1;SG Schopfheim 2;Bähr, Wolfgang;1484;SK Rheinfelden 2;Jost, Hansruedi;1070;"=""1 - 1"""
BMM;2025/26;Bezirksklasse Hochrhein;8;2;SK Rheinfelden 2;Weber, Janick;;SG Schopfheim 2;Kraus, Werner;1335;"=""0 - 2"""
BMM;2025/26;Bezirksklasse Hochrhein;8;3;SG Schopfheim 2;Pfefferle, Helmut;1293;SK Rheinfelden 2;Bagci, Tarik;;"=""2 - 0"""
BMM;2025/26;Bezirksklasse Hochrhein;8;4;SK Rheinfelden 2;Schmid, Dario;;SG Schopfheim 2;Steinberg, Rüdiger;;"=""2 - 0"""
BMM;2025/26;Bezirksklasse Hochrhein;9;1;SC Brombach 6;Niederberger, Kaspar Ludwig;896;SG Schopfheim 2;Bähr, Wolfgang;1484;"=""0 - 2"""
BMM;2025/26;Bezirksklasse Hochrhein;9;2;SG Schopfheim 2;Luz, Hans;1513;SC Brombach 6;Yuan, Dunhe Ted;756;"=""0 - 2"""
BMM;2025/26;Bezirksklasse Hochrhein;9;3;SC Brombach 6;Gultyaev, Alisa;;SG Schopfheim 2;Kraus, Werner;1335;"=""0 - 2"""
BMM;2025/26;Bezirksklasse Hochrhein;9;4;SG Schopfheim 2;Pfefferle, Helmut;1293;SC Brombach 6;Gultyaev, Maxim;;"=""2 - 0"""
BMM;2025/26;Bezirksklasse Hochrhein;9;1;SK Rheinfelden 2;Adamek, Gerd-Dieter;1640;SC Laufenburg 1;Zorn, Nico;1694;"=""1 - 1"""
BMM;2025/26;Bezirksklasse Hochrhein;9;2;SC Laufenburg 1;Bader, Daniel;;SK Rheinfelden 2;Jost, Hansruedi;1070;"=""2 - 0"""
BMM;2025/26;Bezirksklasse Hochrhein;9;3;SK Rheinfelden 2;Ferstl, Moritz;;SC Laufenburg 1;Kutzsche, Holger;1220;"=""2 - 0"""
BMM;2025/26;Bezirksklasse Hochrhein;9;4;SC Laufenburg 1;Wegener, Lukas;988;SK Rheinfelden 2;Schmid, Dario;;"=""1 - 1"""
BMM;2025/26;Bezirksklasse Hochrhein;9;1;SC Dreiländereck 3;;;TV Kadelburg 1;Franz, Elias;;"=""4 - 6"""
BMM;2025/26;Bezirksklasse Hochrhein;9;2;TV Kadelburg 1;Franz, Claudius;;SC Dreiländereck 3;;;"=""6 - 4"""
BMM;2025/26;Bezirksklasse Hochrhein;9;3;SC Dreiländereck 3;;;TV Kadelburg 1;Jander, Marvin;;"=""4 - 6"""
BMM;2025/26;Bezirksklasse Hochrhein;9;4;TV Kadelburg 1;Nagel, Magnus;;SC Dreiländereck 3;;;"=""6 - 4"""
BMM;2025/26;Bezirksklasse Hochrhein;9;1;SGEM Waldshut-Tiengen 2;;;SC Dreiländereck 4;Lischka, Joachim;1365;"=""4 - 6"""
BMM;2025/26;Bezirksklasse Hochrhein;9;2;SC Dreiländereck 4;Hösli, Timo;972;SGEM Waldshut-Tiengen 2;;;"=""6 - 4"""
BMM;2025/26;Bezirksklasse Hochrhein;9;3;SGEM Waldshut-Tiengen 2;;;SC Dreiländereck 4;Cheremensky, Nicolay;;"=""4 - 6"""
BMM;2025/26;Bezirksklasse Hochrhein;9;4;SC Dreiländereck 4;Rogg, Raphael;;SGEM Waldshut-Tiengen 2;;;"=""6 - 4"""
BMM;2025/26;Bezirksklasse Hochrhein;9;1;SC Brombach 5;;;SGEM Waldshut-Tiengen 3;;;"=""0 - 0"""
BMM;2025/26;Bezirksklasse Hochrhein;9;2;SGEM Waldshut-Tiengen 3;;;SC Brombach 5;;;"=""0 - 0"""
BMM;2025/26;Bezirksklasse Hochrhein;9;3;SC Brombach 5;;;SGEM Waldshut-Tiengen 3;;;"=""0 - 0"""
BMM;2025/26;Bezirksklasse Hochrhein;9;4;SGEM Waldshut-Tiengen 3;;;SC Brombach 5;;;"=""0 - 0"""
