Turnier;Saison;Liga;Runde;Brett;Team_Weiss;Weiss;Elo_Weiss;Team_Schwarz;Schwarz;Elo_Schwarz;Ergebnis
SMM;2025;3. Liga - Nordwest 2;1;1;Riehen 5;Poyraz Canatar;1338;Birseck 3;Claude Monnat;1727;1 - 1
SMM;2025;3. Liga - Nordwest 2;1;2;Birseck 3;Peter Mattmann;1743;Riehen 5;Beat Spielmann;1766;0 - 2
SMM;2025;3. Liga - Nordwest 2;1;3;Riehen 5;Uwe Hecht;1776;Birseck 3;Nikita Cardinaux;1704;1 - 1
SMM;2025;3. Liga - Nordwest 2;1;4;Birseck 3;Richard Valentin Winkler;1200;Riehen 5;Dario Wachholz;1531;0 - 2
SMM;2025;3. Liga - Nordwest 2;1;5;Riehen 5;Felix Li;1200;Birseck 3;Stephan Bonauer;1473;0 - 2
SMM;2025;3. Liga - Nordwest 2;1;6;Birseck 3;Miroslav Matkovic;1543;Riehen 5;Sophie Anis;1200;2 - 0
SMM;2025;3. Liga - Nordwest 2;1;1;Rhy 1;Janis Steinacher;1937;Rhy 2;Roland Fuchs;1450;2 - 0
SMM;2025;3. Liga - Nordwest 2;1;2;Rhy 2;Beat Hartmann;1686;Rhy 1;Az Damdinsuren;1886;0 - 2
SMM;2025;3. Liga - Nordwest 2;1;3;Rhy 1;;;Rhy 2;Gustavo Barros;1643;2 - 0
SMM;2025;3. Liga - Nordwest 2;1;4;Rhy 2;;;Rhy 1;Rolf Haag;1592;0 - 2
SMM;2025;3. Liga - Nordwest 2;1;5;Rhy 1;Sandro Bolettieri;1621;Rhy 2;;;2 - 0
SMM;2025;3. Liga - Nordwest 2;1;6;Rhy 2;Platon Klimov;;Rhy 1;Robert Kaiser;1582;0 - 2
SMM;2025;3. Liga - Nordwest 2;1;1;Olten 3;Olexiy Musienko;1808;Olten 5;Otmar Wigger;1544;2 - 0
SMM;2025;3. Liga - Nordwest 2;1;2;Olten 5;Martin Spiegel;1480;Olten 3;Walter Stegmaier;2006;0 - 2
SMM;2025;3. Liga - Nordwest 2;1;3;Olten 3;Paul Niederer;1800;Olten 5;;;2 - 0
SMM;2025;3. Liga - Nordwest 2;1;4;Olten 5;René Steiner;1729;Olten 3;Alessio Porreca;1981;1 - 1
SMM;2025;3. Liga - Nordwest 2;1;5;Olten 3;Guido Born;1708;Olten 5;André Aepli;1364;2 - 0
SMM;2025;3. Liga - Nordwest 2;1;6;Olten 5;Anton Rüegg;1249;Olten 3;Urs Fazis;1523;0 - 2
SMM;2025;3. Liga - Nordwest 2;1;1;Döttingen-Klingnau 1;Ritish Kannan;1350;Echiquier Bruntrutain 2;Erwan Bourquard;1442;2 - 0
SMM;2025;3. Liga - Nordwest 2;1;2;Echiquier Bruntrutain 2;Youri Cortat;1865;Döttingen-Klingnau 1;Refki Morina;1664;2 - 0
SMM;2025;3. Liga - Nordwest 2;1;3;Döttingen-Klingnau 1;Kevin Mutter;1350;Echiquier Bruntrutain 2;Cédric Desboeufs;1781;2 - 0
SMM;2025;3. Liga - Nordwest 2;1;4;Echiquier Bruntrutain 2;Alexandre Desboeufs;1872;Döttingen-Klingnau 1;Balint Kiss;1692;2 - 0
SMM;2025;3. Liga - Nordwest 2;1;5;Döttingen-Klingnau 1;Patrice Keusch;1448;Echiquier Bruntrutain 2;Alec Schneider;1450;0 - 2
SMM;2025;3. Liga - Nordwest 2;1;6;Echiquier Bruntrutain 2;Marco Retti;1523;Döttingen-Klingnau 1;Rafael Mutschlechner;1772;2 - 0
SMM;2025;3. Liga - Nordwest 2;2;1;Rhy 2;Gustavo Barros;1643;Olten 3;Olexiy Musienko;1808;0 - 2
SMM;2025;3. Liga - Nordwest 2;2;2;Olten 3;Walter Stegmaier;2006;Rhy 2;Matthias Zimmermann;1372;2 - 0
SMM;2025;3. Liga - Nordwest 2;2;3;Rhy 2;Veronica Zimmermann;1350;Olten 3;Paul Niederer;1800;0 - 2
SMM;2025;3. Liga - Nordwest 2;2;4;Olten 3;Alessio Porreca;1981;Rhy 2;Platon Klimov;;2 - 0
SMM;2025;3. Liga - Nordwest 2;2;5;Rhy 2;;;Olten 3;Guido Born;1708;4 - 6
SMM;2025;3. Liga - Nordwest 2;2;6;Olten 3;Markus Angst;1739;Rhy 2;Stephan Eliczi;1322;2 - 0
SMM;2025;3. Liga - Nordwest 2;2;1;Riehen 5;Poyraz Canatar;1338;Rhy 1;Volker Wessely;1854;2 - 0
SMM;2025;3. Liga - Nordwest 2;2;2;Rhy 1;Rolf Haag;1592;Riehen 5;Marco Denzinger;1736;0 - 2
SMM;2025;3. Liga - Nordwest 2;2;3;Riehen 5;Beat Spielmann;1766;Rhy 1;Sandro Bolettieri;1621;2 - 0
SMM;2025;3. Liga - Nordwest 2;2;4;Rhy 1;Robert Kaiser;1582;Riehen 5;Uwe Hecht;1776;0 - 2
SMM;2025;3. Liga - Nordwest 2;2;5;Riehen 5;Dario Wachholz;1531;Rhy 1;Beat Hartmann;1686;2 - 0
SMM;2025;3. Liga - Nordwest 2;2;6;Rhy 1;Hansruedi Jost;1200;Riehen 5;Sophie Anis;1200;2 - 0
SMM;2025;3. Liga - Nordwest 2;2;1;Echiquier Bruntrutain 2;Alexandre Desboeufs;1872;Birseck 3;Nikita Cardinaux;1704;2 - 0
SMM;2025;3. Liga - Nordwest 2;2;2;Birseck 3;Peter Mattmann;1743;Echiquier Bruntrutain 2;Marco Retti;1523;0 - 2
SMM;2025;3. Liga - Nordwest 2;2;3;Echiquier Bruntrutain 2;Jean-Pierre Tisserand;1766;Birseck 3;Claude Monnat;1727;2 - 0
SMM;2025;3. Liga - Nordwest 2;2;4;Birseck 3;Timothée Cuénod;1492;Echiquier Bruntrutain 2;Alexis Loetscher;1566;2 - 0
SMM;2025;3. Liga - Nordwest 2;2;5;Echiquier Bruntrutain 2;Eliot Greiner;1783;Birseck 3;Miroslav Matkovic;1543;1 - 1
SMM;2025;3. Liga - Nordwest 2;2;6;Birseck 3;Stephan Bonauer;1473;Echiquier Bruntrutain 2;Erwan Bourquard;1442;2 - 0
SMM;2025;3. Liga - Nordwest 2;2;1;Döttingen-Klingnau 1;Refki Morina;1664;Olten 5;Martin Spiegel;1480;2 - 0
SMM;2025;3. Liga - Nordwest 2;2;2;Olten 5;Otmar Wigger;1544;Döttingen-Klingnau 1;Kevin Mutter;1350;0 - 2
SMM;2025;3. Liga - Nordwest 2;2;3;Döttingen-Klingnau 1;Balint Kiss;1692;Olten 5;Boris Stokic;1501;2 - 0
SMM;2025;3. Liga - Nordwest 2;2;4;Olten 5;;;Döttingen-Klingnau 1;Edgar Arturo Ramirez Orozco;1558;1 - 1
SMM;2025;3. Liga - Nordwest 2;2;5;Döttingen-Klingnau 1;;;Olten 5;Anton Rüegg;1249;2 - 0
SMM;2025;3. Liga - Nordwest 2;2;6;Olten 5;;;Döttingen-Klingnau 1;Patrice Keusch;1448;4 - 6
SMM;2025;3. Liga - Nordwest 2;3;1;Rhy 1;Az Damdinsuren;1886;Birseck 3;Stephan Bonauer;1473;2 - 0
SMM;2025;3. Liga - Nordwest 2;3;2;Birseck 3;Peter Mattmann;1743;Rhy 1;Rolf Haag;1592;2 - 0
SMM;2025;3. Liga - Nordwest 2;3;3;Rhy 1;André Schneider;1556;Birseck 3;Richard Valentin Winkler;1200;0 - 2
SMM;2025;3. Liga - Nordwest 2;3;4;Birseck 3;Peter Kettiger;1654;Rhy 1;;;0 - 2
SMM;2025;3. Liga - Nordwest 2;3;5;Rhy 1;Sandro Bolettieri;1621;Birseck 3;Markus Felder;1637;2 - 0
SMM;2025;3. Liga - Nordwest 2;3;6;Birseck 3;Thomas Stöckli;1792;Rhy 1;Robert Kaiser;1582;1 - 1
SMM;2025;3. Liga - Nordwest 2;3;1;Olten 3;Paul Niederer;1800;Riehen 5;Beat Spielmann;1766;1 - 1
SMM;2025;3. Liga - Nordwest 2;3;2;Riehen 5;Uwe Hecht;1776;Olten 3;Walter Stegmaier;2006;2 - 0
SMM;2025;3. Liga - Nordwest 2;3;3;Olten 3;Guido Born;1708;Riehen 5;Deniz Ronny Bünül;1200;1 - 1
SMM;2025;3. Liga - Nordwest 2;3;4;Riehen 5;Beatrice Ogrinz;1500;Olten 3;Markus Angst;1739;1 - 1
SMM;2025;3. Liga - Nordwest 2;3;5;Olten 3;Martin Lanz;1793;Riehen 5;Thomas Arnold;1764;1 - 1
SMM;2025;3. Liga - Nordwest 2;3;6;Riehen 5;Sophie Anis;1200;Olten 3;Boaz Lengyel;1775;0 - 2
SMM;2025;3. Liga - Nordwest 2;3;1;Döttingen-Klingnau 1;Felix Honold;1931;Rhy 2;Beat Hartmann;1686;2 - 0
SMM;2025;3. Liga - Nordwest 2;3;2;Rhy 2;Matthias Zimmermann;1372;Döttingen-Klingnau 1;Ritish Kannan;1350;0 - 2
SMM;2025;3. Liga - Nordwest 2;3;3;Döttingen-Klingnau 1;Refki Morina;1664;Rhy 2;Stephan Eliczi;1322;2 - 0
SMM;2025;3. Liga - Nordwest 2;3;4;Rhy 2;Veronica Zimmermann;1350;Döttingen-Klingnau 1;Rafael Mutschlechner;1772;0 - 2
SMM;2025;3. Liga - Nordwest 2;3;5;Döttingen-Klingnau 1;Balint Kiss;1692;Rhy 2;Darmen Konysbekov;1628;1 - 1
SMM;2025;3. Liga - Nordwest 2;3;6;Rhy 2;;;Döttingen-Klingnau 1;Patrice Keusch;1448;4 - 6
SMM;2025;3. Liga - Nordwest 2;3;1;Olten 5;Otmar Wigger;1544;Echiquier Bruntrutain 2;Claude Desboeufs;1459;1 - 1
SMM;2025;3. Liga - Nordwest 2;3;2;Echiquier Bruntrutain 2;Alexandre Desboeufs;1872;Olten 5;Boris Stokic;1501;2 - 0
SMM;2025;3. Liga - Nordwest 2;3;3;Olten 5;André Aepli;1364;Echiquier Bruntrutain 2;Marco Retti;1523;0 - 2
SMM;2025;3. Liga - Nordwest 2;3;4;Echiquier Bruntrutain 2;Jean-Pierre Tisserand;1766;Olten 5;Anton Rüegg;1249;2 - 0
SMM;2025;3. Liga - Nordwest 2;3;5;Olten 5;;;Echiquier Bruntrutain 2;Ubaldo Retti;1350;0 - 2
SMM;2025;3. Liga - Nordwest 2;3;6;Echiquier Bruntrutain 2;Lucas Reyes;1408;Olten 5;;;6 - 4
SMM;2025;3. Liga - Nordwest 2;4;1;Birseck 3;Peter Mattmann;1743;Olten 5;André Aepli;1364;2 - 0
SMM;2025;3. Liga - Nordwest 2;4;2;Olten 5;Thomas Schmidt;1663;Birseck 3;Nikita Cardinaux;1704;1 - 1
SMM;2025;3. Liga - Nordwest 2;4;3;Birseck 3;Timothée Cuénod;1492;Olten 5;Ibrahim Yaman;1707;2 - 0
SMM;2025;3. Liga - Nordwest 2;4;4;Olten 5;Martin Spiegel;1480;Birseck 3;Claude Monnat;1727;2 - 0
SMM;2025;3. Liga - Nordwest 2;4;5;Birseck 3;Peter Kettiger;1654;Olten 5;Anton Rüegg;1249;2 - 0
SMM;2025;3. Liga - Nordwest 2;4;6;Olten 5;;;Birseck 3;Stephan Bonauer;1473;0 - 2
SMM;2025;3. Liga - Nordwest 2;4;1;Rhy 2;Hansruedi Jost;1200;Echiquier Bruntrutain 2;Laurent Jacquot;1935;0 - 2
SMM;2025;3. Liga - Nordwest 2;4;2;Echiquier Bruntrutain 2;Jean-Pierre Tisserand;1766;Rhy 2;Matthias Zimmermann;1372;2 - 0
SMM;2025;3. Liga - Nordwest 2;4;3;Rhy 2;Stephan Eliczi;1322;Echiquier Bruntrutain 2;Marco Retti;1523;0 - 2
SMM;2025;3. Liga - Nordwest 2;4;4;Echiquier Bruntrutain 2;Cédric Desboeufs;1781;Rhy 2;Veronica Zimmermann;1350;1 - 1
SMM;2025;3. Liga - Nordwest 2;4;5;Rhy 2;Darmen Konysbekov;1628;Echiquier Bruntrutain 2;Eliot Greiner;1783;0 - 2
SMM;2025;3. Liga - Nordwest 2;4;6;Echiquier Bruntrutain 2;Erwan Bourquard;1442;Rhy 2;Gustavo Barros;1643;0 - 2
SMM;2025;3. Liga - Nordwest 2;4;1;Riehen 5;Beat Spielmann;1766;Döttingen-Klingnau 1;Kevin Mutter;1350;2 - 0
SMM;2025;3. Liga - Nordwest 2;4;2;Döttingen-Klingnau 1;Ritish Kannan;1350;Riehen 5;Ian Bishop;1582;2 - 0
SMM;2025;3. Liga - Nordwest 2;4;3;Riehen 5;Dario Wachholz;1531;Döttingen-Klingnau 1;Refki Morina;1664;0 - 2
SMM;2025;3. Liga - Nordwest 2;4;4;Döttingen-Klingnau 1;Patrice Keusch;1448;Riehen 5;Felix Li;1200;2 - 0
SMM;2025;3. Liga - Nordwest 2;4;5;Riehen 5;Sophie Anis;1200;Döttingen-Klingnau 1;Balint Kiss;1692;0 - 2
SMM;2025;3. Liga - Nordwest 2;4;6;Döttingen-Klingnau 1;Rafael Mutschlechner;1772;Riehen 5;Eric Maire;1200;2 - 0
SMM;2025;3. Liga - Nordwest 2;4;1;Rhy 1;Janis Steinacher;1937;Olten 3;Olexiy Musienko;1808;0 - 2
SMM;2025;3. Liga - Nordwest 2;4;2;Olten 3;Walter Stegmaier;2006;Rhy 1;Az Damdinsuren;1886;0 - 2
SMM;2025;3. Liga - Nordwest 2;4;3;Rhy 1;Volker Wessely;1854;Olten 3;Guido Born;1708;2 - 0
SMM;2025;3. Liga - Nordwest 2;4;4;Olten 3;Markus Angst;1739;Rhy 1;Rolf Haag;1592;1 - 1
SMM;2025;3. Liga - Nordwest 2;4;5;Rhy 1;Sandro Bolettieri;1621;Olten 3;Alessio Porreca;1981;1 - 1
SMM;2025;3. Liga - Nordwest 2;4;6;Olten 3;René Steiner;1729;Rhy 1;Robert Kaiser;1582;2 - 0
SMM;2025;3. Liga - Nordwest 2;5;1;Olten 3;Olexiy Musienko;1808;Birseck 3;Claude Monnat;1727;1 - 1
SMM;2025;3. Liga - Nordwest 2;5;2;Birseck 3;Peter Mattmann;1743;Olten 3;Walter Stegmaier;2006;2 - 0
SMM;2025;3. Liga - Nordwest 2;5;3;Olten 3;Alessio Porreca;1981;Birseck 3;Thomas Stöckli;1792;0 - 2
SMM;2025;3. Liga - Nordwest 2;5;4;Birseck 3;Timothée Cuénod;1492;Olten 3;Paul Niederer;1800;0 - 2
SMM;2025;3. Liga - Nordwest 2;5;5;Olten 3;Guido Born;1708;Birseck 3;Stephan Bonauer;1473;2 - 0
SMM;2025;3. Liga - Nordwest 2;5;6;Birseck 3;Richard Valentin Winkler;1200;Olten 3;Markus Angst;1739;0 - 2
SMM;2025;3. Liga - Nordwest 2;5;1;Döttingen-Klingnau 1;Rudolf Märki;1816;Rhy 1;Roberto Bratosin;1473;2 - 0
SMM;2025;3. Liga - Nordwest 2;5;2;Rhy 1;Vicentiu Bratosin;1756;Döttingen-Klingnau 1;Kevin Mutter;1350;0 - 2
SMM;2025;3. Liga - Nordwest 2;5;3;Döttingen-Klingnau 1;Refki Morina;1664;Rhy 1;Az Damdinsuren;1886;1 - 1
SMM;2025;3. Liga - Nordwest 2;5;4;Rhy 1;Rolf Haag;1592;Döttingen-Klingnau 1;Vernmulyadeep Mallipudi;1283;0 - 2
SMM;2025;3. Liga - Nordwest 2;5;5;Döttingen-Klingnau 1;Balint Kiss;1692;Rhy 1;;;2 - 0
SMM;2025;3. Liga - Nordwest 2;5;6;Rhy 1;Robert Kaiser;1582;Döttingen-Klingnau 1;Patrice Keusch;1448;2 - 0
SMM;2025;3. Liga - Nordwest 2;5;1;Echiquier Bruntrutain 2;Jean-Pierre Tisserand;1766;Riehen 5;;;6 - 4
SMM;2025;3. Liga - Nordwest 2;5;2;Riehen 5;;;Echiquier Bruntrutain 2;Marco Retti;1523;4 - 6
SMM;2025;3. Liga - Nordwest 2;5;3;Echiquier Bruntrutain 2;Nicolas Charpié;1200;Riehen 5;;;6 - 4
SMM;2025;3. Liga - Nordwest 2;5;4;Riehen 5;;;Echiquier Bruntrutain 2;Alexis Loetscher;1566;4 - 6
SMM;2025;3. Liga - Nordwest 2;5;5;Echiquier Bruntrutain 2;Kevin Seewer;1450;Riehen 5;;;6 - 4
SMM;2025;3. Liga - Nordwest 2;5;6;Riehen 5;;;Echiquier Bruntrutain 2;Erwan Bourquard;1442;4 - 6
SMM;2025;3. Liga - Nordwest 2;5;1;Olten 5;Otmar Wigger;1544;Rhy 2;Gustavo Barros;1643;1 - 1
SMM;2025;3. Liga - Nordwest 2;5;2;Rhy 2;Beat Hartmann;1686;Olten 5;Martin Spiegel;1480;2 - 0
SMM;2025;3. Liga - Nordwest 2;5;3;Olten 5;René Steiner;1729;Rhy 2;;;2 - 0
SMM;2025;3. Liga - Nordwest 2;5;4;Rhy 2;Hansruedi Jost;1200;Olten 5;Boris Stokic;1501;0 - 2
SMM;2025;3. Liga - Nordwest 2;5;5;Olten 5;Ibrahim Yaman;1707;Rhy 2;Stephan Eliczi;1322;2 - 0
SMM;2025;3. Liga - Nordwest 2;5;6;Rhy 2;;;Olten 5;;;0 - 2
SMM;2025;3. Liga - Nordwest 2;6;1;Birseck 3;Peter Mattmann;1743;Döttingen-Klingnau 1;Refki Morina;1664;0 - 2
SMM;2025;3. Liga - Nordwest 2;6;2;Döttingen-Klingnau 1;Kevin Mutter;1350;Birseck 3;Miroslav Matkovic;1543;2 - 0
SMM;2025;3. Liga - Nordwest 2;6;3;Birseck 3;Timothée Cuénod;1492;Döttingen-Klingnau 1;Balint Kiss;1692;0 - 2
SMM;2025;3. Liga - Nordwest 2;6;4;Döttingen-Klingnau 1;Patrice Keusch;1448;Birseck 3;Claude Monnat;1727;2 - 0
SMM;2025;3. Liga - Nordwest 2;6;5;Birseck 3;Richard Valentin Winkler;1200;Döttingen-Klingnau 1;Jovin Nimaikarthik Mallipudi;1245;2 - 0
SMM;2025;3. Liga - Nordwest 2;6;6;Döttingen-Klingnau 1;Edgar Arturo Ramirez Orozco;1558;Birseck 3;Stephan Bonauer;1473;0 - 2
SMM;2025;3. Liga - Nordwest 2;6;1;Echiquier Bruntrutain 2;Cédric Desboeufs;1781;Olten 3;Walter Stegmaier;2006;0 - 2
SMM;2025;3. Liga - Nordwest 2;6;2;Olten 3;Paul Niederer;1800;Echiquier Bruntrutain 2;Erwan Bourquard;1442;2 - 0
SMM;2025;3. Liga - Nordwest 2;6;3;Echiquier Bruntrutain 2;Jean-Pierre Tisserand;1766;Olten 3;Heinz Linder;1927;2 - 0
SMM;2025;3. Liga - Nordwest 2;6;4;Olten 3;Guido Born;1708;Echiquier Bruntrutain 2;Alec Schneider;1450;1 - 1
SMM;2025;3. Liga - Nordwest 2;6;5;Echiquier Bruntrutain 2;Marco Retti;1523;Olten 3;Max Joss;1762;2 - 0
SMM;2025;3. Liga - Nordwest 2;6;6;Olten 3;Boaz Lengyel;1775;Echiquier Bruntrutain 2;Martin Schneider;1450;1 - 1
SMM;2025;3. Liga - Nordwest 2;6;1;Rhy 2;Beat Hartmann;1686;Riehen 5;Uwe Hecht;1776;0 - 2
SMM;2025;3. Liga - Nordwest 2;6;2;Riehen 5;Beat Spielmann;1766;Rhy 2;;;2 - 0
SMM;2025;3. Liga - Nordwest 2;6;3;Rhy 2;Stephan Eliczi;1322;Riehen 5;Dario Wachholz;1531;0 - 2
SMM;2025;3. Liga - Nordwest 2;6;4;Riehen 5;Xian-Gai LIN;1400;Rhy 2;Darmen Konysbekov;1628;0 - 2
SMM;2025;3. Liga - Nordwest 2;6;5;Rhy 2;Ismail Irfan Ödül;1477;Riehen 5;Ian Bishop;1582;0 - 2
SMM;2025;3. Liga - Nordwest 2;6;6;Riehen 5;Beatrice Ogrinz;1500;Rhy 2;Hansruedi Jost;1200;2 - 0
SMM;2025;3. Liga - Nordwest 2;6;1;Rhy 1;Janis Steinacher;1937;Olten 5;Otmar Wigger;1544;2 - 0
SMM;2025;3. Liga - Nordwest 2;6;2;Olten 5;Martin Spiegel;1480;Rhy 1;Adam Bonic;1761;2 - 0
SMM;2025;3. Liga - Nordwest 2;6;3;Rhy 1;Rolf Haag;1592;Olten 5;René Steiner;1729;1 - 1
SMM;2025;3. Liga - Nordwest 2;6;4;Olten 5;Boris Stokic;1501;Rhy 1;;;0 - 2
SMM;2025;3. Liga - Nordwest 2;6;5;Rhy 1;Robert Kaiser;1582;Olten 5;Anton Rüegg;1249;1 - 1
SMM;2025;3. Liga - Nordwest 2;6;6;Olten 5;;;Rhy 1;Gustavo Barros;1643;0 - 2
SMM;2025;3. Liga - Nordwest 2;7;1;Birseck 3;Martin Staechelin;1532;Rhy 2;Adam Bonic;1761;2 - 0
SMM;2025;3. Liga - Nordwest 2;7;2;Rhy 2;Beat Hartmann;1686;Birseck 3;Nikita Cardinaux;1704;0 - 2
SMM;2025;3. Liga - Nordwest 2;7;3;Birseck 3;Peter Mattmann;1743;Rhy 2;André Schneider;1556;2 - 0
SMM;2025;3. Liga - Nordwest 2;7;4;Rhy 2;Roland Fuchs;1450;Birseck 3;Florian Rosebrock;1450;0 - 2
SMM;2025;3. Liga - Nordwest 2;7;5;Birseck 3;Claude Monnat;1727;Rhy 2;;;6 - 4
SMM;2025;3. Liga - Nordwest 2;7;6;Rhy 2;;;Birseck 3;Stephan Bonauer;1473;4 - 6
SMM;2025;3. Liga - Nordwest 2;7;1;Rhy 1;Az Damdinsuren;1886;Echiquier Bruntrutain 2;Claude Desboeufs;1459;2 - 0
SMM;2025;3. Liga - Nordwest 2;7;2;Echiquier Bruntrutain 2;Alexandre Desboeufs;1872;Rhy 1;Volker Wessely;1854;2 - 0
SMM;2025;3. Liga - Nordwest 2;7;3;Rhy 1;Sandro Bolettieri;1621;Echiquier Bruntrutain 2;Marco Retti;1523;0 - 2
SMM;2025;3. Liga - Nordwest 2;7;4;Echiquier Bruntrutain 2;Cédric Desboeufs;1781;Rhy 1;Rolf Haag;1592;1 - 1
SMM;2025;3. Liga - Nordwest 2;7;5;Rhy 1;Gustavo Barros;1643;Echiquier Bruntrutain 2;Alexis Loetscher;1566;1 - 1
SMM;2025;3. Liga - Nordwest 2;7;6;Echiquier Bruntrutain 2;Eliot Greiner;1783;Rhy 1;Norbert Rudschuck;1661;2 - 0
SMM;2025;3. Liga - Nordwest 2;7;1;Olten 3;Alessio Porreca;1981;Döttingen-Klingnau 1;Felix Honold;1931;1 - 1
SMM;2025;3. Liga - Nordwest 2;7;2;Döttingen-Klingnau 1;Rafael Mutschlechner;1772;Olten 3;Olexiy Musienko;1808;0 - 2
SMM;2025;3. Liga - Nordwest 2;7;3;Olten 3;Paul Niederer;1800;Döttingen-Klingnau 1;Kevin Mutter;1350;0 - 2
SMM;2025;3. Liga - Nordwest 2;7;4;Döttingen-Klingnau 1;Rudolf Märki;1816;Olten 3;Guido Born;1708;0 - 2
SMM;2025;3. Liga - Nordwest 2;7;5;Olten 3;Markus Angst;1739;Döttingen-Klingnau 1;Patrice Keusch;1448;1 - 1
SMM;2025;3. Liga - Nordwest 2;7;6;Döttingen-Klingnau 1;Ritish Kannan;1350;Olten 3;Boaz Lengyel;1775;2 - 0
SMM;2025;3. Liga - Nordwest 2;7;1;Olten 5;Ibrahim Yaman;1707;Riehen 5;Dario Wachholz;1531;0 - 2
SMM;2025;3. Liga - Nordwest 2;7;2;Riehen 5;Ian Bishop;1582;Olten 5;Martin Spiegel;1480;0 - 2
SMM;2025;3. Liga - Nordwest 2;7;3;Olten 5;Alexander Kudryavitskiy;1200;Riehen 5;Felix Li;1200;2 - 0
SMM;2025;3. Liga - Nordwest 2;7;4;Riehen 5;Sophie Anis;1200;Olten 5;Mikhail Kudryavitskiy;1654;0 - 2
SMM;2025;3. Liga - Nordwest 2;7;5;Olten 5;;;Riehen 5;Lian Madhani;1200;2 - 0
SMM;2025;3. Liga - Nordwest 2;7;6;Riehen 5;;;Olten 5;Anton Rüegg;1249;4 - 6
SMM;2026;3. Liga - Nordwest 2;1;1;Echiquier Bruntrutain 2;Cédric Desboeufs;1781;Court 3;Joël Schaer;1322;2 - 0
SMM;2026;3. Liga - Nordwest 2;1;2;Court 3;Kurt Steiner;1705;Echiquier Bruntrutain 2;Alec Schneider;1450;1 - 1
SMM;2026;3. Liga - Nordwest 2;1;3;Echiquier Bruntrutain 2;Eliot Greiner;1783;Court 3;Camille Bigler;1439;0 - 2
SMM;2026;3. Liga - Nordwest 2;1;4;Court 3;Antonio Bulgheroni;1396;Echiquier Bruntrutain 2;Marco Retti;1523;2 - 0
SMM;2026;3. Liga - Nordwest 2;1;5;Echiquier Bruntrutain 2;Kevin Seewer;1450;Court 3;Yannick Poli;;2 - 0
SMM;2026;3. Liga - Nordwest 2;1;6;Court 3;Leny Vogt;;Echiquier Bruntrutain 2;Martin Schneider;1450;0 - 2
SMM;2026;3. Liga - Nordwest 2;1;1;Birseck 3;Joel Cuénod;1590;Riehen 5;Dario Wachholz;1531;0 - 2
SMM;2026;3. Liga - Nordwest 2;1;2;Riehen 5;Beat Spielmann;1766;Birseck 3;Claude Monnat;1727;1 - 1
SMM;2026;3. Liga - Nordwest 2;1;3;Birseck 3;Peter Mattmann;1743;Riehen 5;Ian Bishop;1582;2 - 0
SMM;2026;3. Liga - Nordwest 2;1;4;Riehen 5;Niklas Oktai;1590;Birseck 3;Stephan Bonauer;1473;1 - 1
SMM;2026;3. Liga - Nordwest 2;1;5;Birseck 3;Timothée Cuénod;1492;Riehen 5;Lian Madhani;1200;2 - 0
SMM;2026;3. Liga - Nordwest 2;1;6;Riehen 5;Sophie Anis;1200;Birseck 3;Nikita Cardinaux;1704;0 - 2
SMM;2026;3. Liga - Nordwest 2;1;1;Olten 3;Olexiy Musienko;1808;Olten 4;Thomas Schmidt;1663;1 - 1
SMM;2026;3. Liga - Nordwest 2;1;2;Olten 4;Daniel Steiner;1444;Olten 3;Walter Stegmaier;2006;2 - 0
SMM;2026;3. Liga - Nordwest 2;1;3;Olten 3;Markus Angst;1739;Olten 4;Roman Bösch;1639;1 - 1
SMM;2026;3. Liga - Nordwest 2;1;4;Olten 4;Erik Schrader;1486;Olten 3;Guido Born;1708;2 - 0
SMM;2026;3. Liga - Nordwest 2;1;5;Olten 3;René Steiner;1729;Olten 4;Ralf Doerendahl;1489;2 - 0
SMM;2026;3. Liga - Nordwest 2;1;6;Olten 4;Anton Rüegg;1249;Olten 3;Urs Fazis;1523;0 - 2
SMM;2026;3. Liga - Nordwest 2;2;1;Riehen 5;Danylo Synytskyi;1630;Olten 3;Paul Niederer;1800;1 - 1
SMM;2026;3. Liga - Nordwest 2;2;2;Olten 3;Walter Stegmaier;2006;Riehen 5;Uwe Hecht;1776;2 - 0
SMM;2026;3. Liga - Nordwest 2;2;3;Riehen 5;Dario Wachholz;1531;Olten 3;Markus Angst;1739;2 - 0
SMM;2026;3. Liga - Nordwest 2;2;4;Olten 3;Guido Born;1708;Riehen 5;Niklas Oktai;1590;0 - 2
SMM;2026;3. Liga - Nordwest 2;2;5;Riehen 5;Ian Bishop;1582;Olten 3;René Steiner;1729;1 - 1
SMM;2026;3. Liga - Nordwest 2;2;6;Olten 3;Urs Fazis;1523;Riehen 5;Sophie Anis;1200;2 - 0
SMM;2026;3. Liga - Nordwest 2;2;1;Echiquier Bruntrutain 2;Michaël Desboeufs;1552;Olten 4;Daniel Steiner;1444;2 - 0
SMM;2026;3. Liga - Nordwest 2;2;2;Olten 4;Michael Grolimund;1629;Echiquier Bruntrutain 2;Cédric Desboeufs;1781;0 - 2
SMM;2026;3. Liga - Nordwest 2;2;3;Echiquier Bruntrutain 2;Alexandre Desboeufs;1872;Olten 4;Roman Bösch;1639;2 - 0
SMM;2026;3. Liga - Nordwest 2;2;4;Olten 4;Roman Aeschlimann;1636;Echiquier Bruntrutain 2;Alec Schneider;1450;0 - 2
SMM;2026;3. Liga - Nordwest 2;2;5;Echiquier Bruntrutain 2;Jean-Pierre Tisserand;1766;Olten 4;Erik Schrader;1486;2 - 0
SMM;2026;3. Liga - Nordwest 2;2;6;Olten 4;;;Echiquier Bruntrutain 2;Marco Retti;1523;4 - 6
SMM;2026;3. Liga - Nordwest 2;2;1;Rhy 1;Rolf Haag;1592;Birseck 3;Claude Monnat;1727;2 - 0
SMM;2026;3. Liga - Nordwest 2;2;2;Birseck 3;Eric Ellenbroek;1778;Rhy 1;Darmen Konysbekov;1628;0 - 2
SMM;2026;3. Liga - Nordwest 2;2;3;Rhy 1;Ismail Irfan Ödül;1477;Birseck 3;Nikita Cardinaux;1704;1 - 1
SMM;2026;3. Liga - Nordwest 2;2;4;Birseck 3;Peter Mattmann;1743;Rhy 1;André Schneider;1556;2 - 0
SMM;2026;3. Liga - Nordwest 2;2;5;Rhy 1;Norbert Rudschuck;1661;Birseck 3;Timothée Cuénod;1492;0 - 2
SMM;2026;3. Liga - Nordwest 2;2;6;Birseck 3;Stephan Bonauer;1473;Rhy 1;Robert Kaiser;1582;2 - 0
SMM;2026;3. Liga - Nordwest 2;3;1;Echiquier Bruntrutain 2;Alec Schneider;1450;Rhy 1;Darmen Konysbekov;1628;2 - 0
SMM;2026;3. Liga - Nordwest 2;3;2;Rhy 1;Robert Kaiser;1582;Echiquier Bruntrutain 2;Eliot Greiner;1783;0 - 2
SMM;2026;3. Liga - Nordwest 2;3;3;Echiquier Bruntrutain 2;Kevin Seewer;1450;Rhy 1;Moritz Ferstl;;2 - 0
SMM;2026;3. Liga - Nordwest 2;3;4;Rhy 1;Hansruedi Jost;1200;Echiquier Bruntrutain 2;Alexis Loetscher;1566;0 - 2
SMM;2026;3. Liga - Nordwest 2;3;5;Echiquier Bruntrutain 2;Alexandre Sommer;;Rhy 1;Dario Schmid;;0 - 2
SMM;2026;3. Liga - Nordwest 2;3;6;Rhy 1;Justin Jäger;;Echiquier Bruntrutain 2;Erwan Bourquard;1442;0 - 2
SMM;2026;3. Liga - Nordwest 2;3;1;Court 3;Walter Zingg;1827;Olten 3;Olexiy Musienko;1808;2 - 0
SMM;2026;3. Liga - Nordwest 2;3;2;Olten 3;Paul Niederer;1800;Court 3;Alastair Leuzinger;1615;1 - 1
SMM;2026;3. Liga - Nordwest 2;3;3;Court 3;Kurt Steiner;1705;Olten 3;Guido Born;1708;1 - 1
SMM;2026;3. Liga - Nordwest 2;3;4;Olten 3;Walter Stegmaier;2006;Court 3;Julien Degiacometti;1494;1 - 1
SMM;2026;3. Liga - Nordwest 2;3;5;Court 3;Camille Bigler;1439;Olten 3;Urs Fazis;1523;0 - 2
SMM;2026;3. Liga - Nordwest 2;3;6;Olten 3;Markus Angst;1739;Court 3;Antonio Bulgheroni;1396;2 - 0
SMM;2026;3. Liga - Nordwest 2;3;1;Riehen 5;Beat Spielmann;1766;Olten 4;Roman Aeschlimann;1636;2 - 0
SMM;2026;3. Liga - Nordwest 2;3;2;Olten 4;Erik Schrader;1486;Riehen 5;Dario Wachholz;1531;1 - 1
SMM;2026;3. Liga - Nordwest 2;3;3;Riehen 5;Niklas Oktai;1590;Olten 4;Fabio Ray Rüegsegger;1542;1 - 1
SMM;2026;3. Liga - Nordwest 2;3;4;Olten 4;Robin Degen;;Riehen 5;Sophie Anis;1200;2 - 0
SMM;2026;3. Liga - Nordwest 2;3;5;Riehen 5;Lian Madhani;1200;Olten 4;Ralf Doerendahl;1489;0 - 2
SMM;2026;3. Liga - Nordwest 2;3;6;Olten 4;Zakhar Ardoteli;1400;Riehen 5;Ruedi Kummrow;1690;1 - 1
SMM;2026;3. Liga - Nordwest 2;4;1;Birseck 3;Peter Mattmann;1743;Olten 3;Paul Niederer;1800;1 - 1
SMM;2026;3. Liga - Nordwest 2;4;2;Olten 3;Peter Schmid;1701;Birseck 3;Claude Monnat;1727;2 - 0
SMM;2026;3. Liga - Nordwest 2;4;3;Birseck 3;Peter Kettiger;1654;Olten 3;Walter Stegmaier;2006;0 - 2
SMM;2026;3. Liga - Nordwest 2;4;4;Olten 3;Guido Born;1708;Birseck 3;Nikita Cardinaux;1704;1 - 1
SMM;2026;3. Liga - Nordwest 2;4;5;Birseck 3;Timothée Cuénod;1492;Olten 3;Markus Angst;1739;1 - 1
SMM;2026;3. Liga - Nordwest 2;4;6;Olten 3;Urs Fazis;1523;Birseck 3;Florian Rosebrock;1450;1 - 1
SMM;2026;3. Liga - Nordwest 2;4;1;Rhy 1;Janis Steinacher;1937;Court 3;Bruno Bosco;1575;2 - 0
SMM;2026;3. Liga - Nordwest 2;4;2;Court 3;Kurt Steiner;1705;Rhy 1;Az Damdinsuren;1886;0 - 2
SMM;2026;3. Liga - Nordwest 2;4;3;Rhy 1;Ismail Irfan Ödül;1477;Court 3;Antonio Bulgheroni;1396;1 - 1
SMM;2026;3. Liga - Nordwest 2;4;4;Court 3;Joël Schaer;1322;Rhy 1;Darmen Konysbekov;1628;0 - 2
SMM;2026;3. Liga - Nordwest 2;4;5;Rhy 1;Robert Kaiser;1582;Court 3;Camille Bigler;1439;1 - 1
SMM;2026;3. Liga - Nordwest 2;4;6;Court 3;Julien Degiacometti;1494;Rhy 1;Rolf Haag;1592;2 - 0
SMM;2026;3. Liga - Nordwest 2;4;1;Riehen 5;Dario Wachholz;1531;Echiquier Bruntrutain 2;Marco Retti;1523;1 - 1
SMM;2026;3. Liga - Nordwest 2;4;2;Echiquier Bruntrutain 2;Jean-Pierre Tisserand;1766;Riehen 5;Danylo Synytskyi;1630;1 - 1
SMM;2026;3. Liga - Nordwest 2;4;3;Riehen 5;Ruedi Kummrow;1690;Echiquier Bruntrutain 2;Martin Schneider;1450;0 - 2
SMM;2026;3. Liga - Nordwest 2;4;4;Echiquier Bruntrutain 2;Gaetan Parrat;;Riehen 5;Niklas Oktai;1590;0 - 2
SMM;2026;3. Liga - Nordwest 2;4;5;Riehen 5;Ian Bishop;1582;Echiquier Bruntrutain 2;Elina Meusy;;2 - 0
SMM;2026;3. Liga - Nordwest 2;4;6;Echiquier Bruntrutain 2;Luca Schaller;1200;Riehen 5;Felix Li;1200;2 - 0
SMM;2026;3. Liga - Nordwest 2;5;1;Olten 3;Paul Niederer;1800;Rhy 1;Az Damdinsuren;1886;0 - 2
SMM;2026;3. Liga - Nordwest 2;5;2;Rhy 1;Rolf Haag;1592;Olten 3;Olexiy Musienko;1808;1 - 1
SMM;2026;3. Liga - Nordwest 2;5;3;Olten 3;Walter Stegmaier;2006;Rhy 1;Darmen Konysbekov;1628;1 - 1
SMM;2026;3. Liga - Nordwest 2;5;4;Rhy 1;Robert Kaiser;1582;Olten 3;Guido Born;1708;0 - 2
SMM;2026;3. Liga - Nordwest 2;5;5;Olten 3;Markus Angst;1739;Rhy 1;Norbert Rudschuck;1661;1 - 1
SMM;2026;3. Liga - Nordwest 2;5;6;Rhy 1;Hansruedi Jost;1200;Olten 3;Urs Fazis;1523;0 - 2
SMM;2026;3. Liga - Nordwest 2;5;1;Olten 4;Thomas Schmidt;1663;Birseck 3;Nikita Cardinaux;1704;0 - 2
SMM;2026;3. Liga - Nordwest 2;5;2;Birseck 3;Peter Mattmann;1743;Olten 4;Michael Grolimund;1629;0 - 2
SMM;2026;3. Liga - Nordwest 2;5;3;Olten 4;Roman Bösch;1639;Birseck 3;Claude Monnat;1727;2 - 0
SMM;2026;3. Liga - Nordwest 2;5;4;Birseck 3;Andrea Huber;1350;Olten 4;Fabio Ray Rüegsegger;1542;2 - 0
SMM;2026;3. Liga - Nordwest 2;5;5;Olten 4;Erik Schrader;1486;Birseck 3;;;6 - 4
SMM;2026;3. Liga - Nordwest 2;5;6;Birseck 3;;;Olten 4;Ralf Doerendahl;1489;4 - 6
SMM;2026;3. Liga - Nordwest 2;5;1;Court 3;Kurt Steiner;1705;Riehen 5;Danylo Synytskyi;1630;0 - 2
SMM;2026;3. Liga - Nordwest 2;5;2;Riehen 5;Uwe Hecht;1776;Court 3;Julien Degiacometti;1494;0 - 2
SMM;2026;3. Liga - Nordwest 2;5;3;Court 3;Antonio Bulgheroni;1396;Riehen 5;Beat Spielmann;1766;0 - 2
SMM;2026;3. Liga - Nordwest 2;5;4;Riehen 5;Niklas Oktai;1590;Court 3;Soulimann Sharaf;;2 - 0
SMM;2026;3. Liga - Nordwest 2;5;5;Court 3;Camille Bigler;1439;Riehen 5;Dario Wachholz;1531;0 - 2
SMM;2026;3. Liga - Nordwest 2;5;6;Riehen 5;Ali Hamza Dogan;;Court 3;Yannick Poli;;0 - 2
SMM;2026;4. Liga - Nordwest 2;1;1;Olten 5;Otmar Wigger;1544;Therwil 3;Vito Lo Presti;1350;2 - 0
SMM;2026;4. Liga - Nordwest 2;1;2;Therwil 3;Jasmin Maurer;1578;Olten 5;Martin Spiegel;1480;1 - 1
SMM;2026;4. Liga - Nordwest 2;1;3;Olten 5;Valentino Foggetta;1616;Therwil 3;Joël Suter;;2 - 0
SMM;2026;4. Liga - Nordwest 2;1;4;Therwil 3;Dieter Salathe;;Olten 5;Jonathan Hüttinger;1713;2 - 0
SMM;2026;4. Liga - Nordwest 2;1;1;Trümmerfeld 5;Koray-Utku Yagci;1200;Baden-Brugg 9;Ruthvik Vemulapati;1200;0 - 2
SMM;2026;4. Liga - Nordwest 2;1;2;Baden-Brugg 9;Jonas Posch;1200;Trümmerfeld 5;Gökdeniz Cinar;1204;2 - 0
SMM;2026;4. Liga - Nordwest 2;1;3;Trümmerfeld 5;Ferdinand Löffler;1200;Baden-Brugg 9;Jasmin Posch;1200;0 - 2
SMM;2026;4. Liga - Nordwest 2;1;4;Baden-Brugg 9;Felix Friedrich;;Trümmerfeld 5;Thomas Bollinger;1200;2 - 0
SMM;2026;4. Liga - Nordwest 2;1;1;DSSP 1;Jurij Luisier;1200;Döttingen-Klingnau 2;Edgar Arturo Ramirez Orozco;1558;1 - 1
SMM;2026;4. Liga - Nordwest 2;1;2;Döttingen-Klingnau 2;Ronny Rohner;;DSSP 1;Stsiapan Varshauski;1402;0 - 2
SMM;2026;4. Liga - Nordwest 2;1;3;DSSP 1;Matei Barrera;1494;Döttingen-Klingnau 2;Lukas Wildi;1400;1 - 1
SMM;2026;4. Liga - Nordwest 2;1;4;Döttingen-Klingnau 2;Patrice Keusch;1448;DSSP 1;John Gabele;1440;2 - 0
SMM;2026;4. Liga - Nordwest 2;1;1;Rhy 2;Darmen Konysbekov;1628;Süci 1;Maté Süket;1860;2 - 0
SMM;2026;4. Liga - Nordwest 2;1;2;Süci 1;Mark Süket;1788;Rhy 2;Gustavo Barros;1643;1 - 1
SMM;2026;4. Liga - Nordwest 2;1;3;Rhy 2;Ismail Irfan Ödül;1477;Süci 1;Ferenc Süket;1628;0 - 2
SMM;2026;4. Liga - Nordwest 2;1;4;Süci 1;Thomas Kougias;1552;Rhy 2;Moritz Ferstl;;0 - 2
SMM;2026;4. Liga - Nordwest 2;2;1;Baden-Brugg 9;Yansheng Gong;1357;DSSP 1;Jurij Luisier;1200;2 - 0
SMM;2026;4. Liga - Nordwest 2;2;2;DSSP 1;Juri Meier;1285;Baden-Brugg 9;Ruthvik Vemulapati;1200;2 - 0
SMM;2026;4. Liga - Nordwest 2;2;3;Baden-Brugg 9;Ishaan Pradeep;;DSSP 1;Nikita Amirkhanov;1644;2 - 0
SMM;2026;4. Liga - Nordwest 2;2;4;DSSP 1;Thomas Stevens;1200;Baden-Brugg 9;Jonas Posch;1200;1 - 1
SMM;2026;4. Liga - Nordwest 2;2;1;Therwil 3;Vito Lo Presti;1350;Trümmerfeld 5;Sajal Shraddha;1200;2 - 0
SMM;2026;4. Liga - Nordwest 2;2;2;Trümmerfeld 5;Marika Hess;1200;Therwil 3;Jasmin Maurer;1578;0 - 2
SMM;2026;4. Liga - Nordwest 2;2;3;Therwil 3;Stephan Marsch;1496;Trümmerfeld 5;Koray-Utku Yagci;1200;2 - 0
SMM;2026;4. Liga - Nordwest 2;2;4;Trümmerfeld 5;Adrian Barbey;1200;Therwil 3;Patric Bernardi;;0 - 2
SMM;2026;4. Liga - Nordwest 2;2;1;Rhy 2;Roland Fuchs;1450;Olten 5;Jonathan Hüttinger;1713;0 - 2
SMM;2026;4. Liga - Nordwest 2;2;2;Olten 5;Valentino Foggetta;1616;Rhy 2;Moritz Ferstl;;0 - 2
SMM;2026;4. Liga - Nordwest 2;2;3;Rhy 2;Dario Schmid;;Olten 5;Robin Degen;;0 - 2
SMM;2026;4. Liga - Nordwest 2;2;4;Olten 5;Ralf Doerendahl;1489;Rhy 2;Hansruedi Jost;1200;2 - 0
SMM;2026;4. Liga - Nordwest 2;2;1;Süci 1;Maté Süket;1860;Döttingen-Klingnau 2;Ronny Rohner;;2 - 0
SMM;2026;4. Liga - Nordwest 2;2;2;Döttingen-Klingnau 2;Lukas Wildi;1400;Süci 1;Mark Süket;1788;0 - 2
SMM;2026;4. Liga - Nordwest 2;2;3;Süci 1;Ferenc Süket;1628;Döttingen-Klingnau 2;Viraj Kukkerabettu;1456;2 - 0
SMM;2026;4. Liga - Nordwest 2;2;4;Döttingen-Klingnau 2;Sokol Biba;;Süci 1;Thomas Kougias;1552;0 - 2
SMM;2026;4. Liga - Nordwest 2;3;1;Trümmerfeld 5;Shu Chen;;Rhy 2;Roland Fuchs;1450;0 - 2
SMM;2026;4. Liga - Nordwest 2;3;2;Rhy 2;Platon Klimov;;Trümmerfeld 5;Thomas Bollinger;1200;0 - 2
SMM;2026;4. Liga - Nordwest 2;3;3;Trümmerfeld 5;Ferdinand Löffler;1200;Rhy 2;Riya Pradeep;;0 - 2
SMM;2026;4. Liga - Nordwest 2;3;4;Rhy 2;Stephan Eliczi;1322;Trümmerfeld 5;Amogh Patil;1400;0 - 2
SMM;2026;4. Liga - Nordwest 2;3;1;DSSP 1;Jurij Luisier;1200;Therwil 3;Vito Lo Presti;1350;2 - 0
SMM;2026;4. Liga - Nordwest 2;3;2;Therwil 3;Joël Suter;;DSSP 1;Huba Csonka;1222;2 - 0
SMM;2026;4. Liga - Nordwest 2;3;3;DSSP 1;Benedek Csonka;1205;Therwil 3;Dieter Salathe;;0 - 2
SMM;2026;4. Liga - Nordwest 2;3;4;Therwil 3;Jasmin Maurer;1578;DSSP 1;Stsiapan Varshauski;1402;0 - 2
SMM;2026;4. Liga - Nordwest 2;3;1;Döttingen-Klingnau 2;Sebastian Vögele;1200;Baden-Brugg 9;Simon Trigo;1300;0 - 2
SMM;2026;4. Liga - Nordwest 2;3;2;Baden-Brugg 9;Jonas Posch;1200;Döttingen-Klingnau 2;Kushtrim Haxhaj;1299;2 - 0
SMM;2026;4. Liga - Nordwest 2;3;3;Döttingen-Klingnau 2;Lukas Wildi;1400;Baden-Brugg 9;Jasmin Posch;1200;2 - 0
SMM;2026;4. Liga - Nordwest 2;3;4;Baden-Brugg 9;Felix Friedrich;;Döttingen-Klingnau 2;Ronny Rohner;;2 - 0
SMM;2026;4. Liga - Nordwest 2;3;1;Olten 5;Martin Spiegel;1480;Süci 1;Maté Süket;1860;2 - 0
SMM;2026;4. Liga - Nordwest 2;3;2;Süci 1;Mark Süket;1788;Olten 5;Valentino Foggetta;1616;1 - 1
SMM;2026;4. Liga - Nordwest 2;3;3;Olten 5;Jonathan Hüttinger;1713;Süci 1;Charles Edward Newkirk;;2 - 0
SMM;2026;4. Liga - Nordwest 2;3;4;Süci 1;Thomas Kougias;1552;Olten 5;André Aepli;1364;0 - 2
SMM;2026;4. Liga - Nordwest 2;4;1;Therwil 3;Patric Bernardi;;Döttingen-Klingnau 2;Guido Weber;1795;0 - 2
SMM;2026;4. Liga - Nordwest 2;4;2;Döttingen-Klingnau 2;Jovin Nimaikarthik Mallipudi;1245;Therwil 3;Joël Suter;;1 - 1
SMM;2026;4. Liga - Nordwest 2;4;3;Therwil 3;Vito Lo Presti;1350;Döttingen-Klingnau 2;Sokol Biba;;0 - 2
SMM;2026;4. Liga - Nordwest 2;4;4;Döttingen-Klingnau 2;Viraj Kukkerabettu;1456;Therwil 3;Dieter Salathe;;0 - 2
SMM;2026;4. Liga - Nordwest 2;4;1;Rhy 2;Vicentiu Bratosin;1756;DSSP 1;Jurij Luisier;1200;0 - 2
SMM;2026;4. Liga - Nordwest 2;4;2;DSSP 1;Alexis Paris;1208;Rhy 2;Roland Fuchs;1450;2 - 0
SMM;2026;4. Liga - Nordwest 2;4;3;Rhy 2;Hansruedi Jost;1200;DSSP 1;Thomas Stevens;1200;2 - 0
SMM;2026;4. Liga - Nordwest 2;4;4;DSSP 1;John Gabele;1440;Rhy 2;Moritz Ferstl;;2 - 0
SMM;2026;4. Liga - Nordwest 2;4;1;Olten 5;Otmar Wigger;1544;Trümmerfeld 5;Koray-Utku Yagci;1200;2 - 0
SMM;2026;4. Liga - Nordwest 2;4;2;Trümmerfeld 5;Thomas Bollinger;1200;Olten 5;Martin Spiegel;1480;0 - 2
SMM;2026;4. Liga - Nordwest 2;4;3;Olten 5;André Aepli;1364;Trümmerfeld 5;Ferdinand Löffler;1200;2 - 0
SMM;2026;4. Liga - Nordwest 2;4;4;Trümmerfeld 5;Adrian Barbey;1200;Olten 5;Jonathan Hüttinger;1713;0 - 2
SMM;2026;4. Liga - Nordwest 2;4;1;Süci 1;Ferenc Süket;1628;Baden-Brugg 9;Ruthvik Vemulapati;1200;2 - 0
SMM;2026;4. Liga - Nordwest 2;4;2;Baden-Brugg 9;Jonas Posch;1200;Süci 1;Mark Süket;1788;0 - 2
SMM;2026;4. Liga - Nordwest 2;4;3;Süci 1;Maté Süket;1860;Baden-Brugg 9;Felix Friedrich;;2 - 0
SMM;2026;4. Liga - Nordwest 2;4;4;Baden-Brugg 9;Jasmin Posch;1200;Süci 1;Darian Gutzwiller;1633;2 - 0
SMM;2026;4. Liga - Nordwest 2;5;1;DSSP 1;Severin Gunzinger;1443;Olten 5;Otmar Wigger;1544;2 - 0
SMM;2026;4. Liga - Nordwest 2;5;2;Olten 5;Jonathan Hüttinger;1713;DSSP 1;Nikita Amirkhanov;1644;2 - 0
SMM;2026;4. Liga - Nordwest 2;5;3;DSSP 1;Jurij Luisier;1200;Olten 5;Zakhar Ardoteli;1400;2 - 0
SMM;2026;4. Liga - Nordwest 2;5;4;Olten 5;Valentino Foggetta;1616;DSSP 1;Matei Barrera;1494;0 - 2
SMM;2026;4. Liga - Nordwest 2;5;1;Döttingen-Klingnau 2;Rudolf Märki;1816;Rhy 2;;;6 - 4
SMM;2026;4. Liga - Nordwest 2;5;2;Rhy 2;;;Döttingen-Klingnau 2;Edgar Arturo Ramirez Orozco;1558;4 - 6
SMM;2026;4. Liga - Nordwest 2;5;3;Döttingen-Klingnau 2;Jovin Nimaikarthik Mallipudi;1245;Rhy 2;;;6 - 4
SMM;2026;4. Liga - Nordwest 2;5;4;Rhy 2;;;Döttingen-Klingnau 2;Viraj Kukkerabettu;1456;4 - 6
SMM;2026;4. Liga - Nordwest 2;5;1;Baden-Brugg 9;Sathvik Vemulapati;1200;Therwil 3;Patric Bernardi;;2 - 0
SMM;2026;4. Liga - Nordwest 2;5;2;Therwil 3;Jasmin Maurer;1578;Baden-Brugg 9;Fabian Rahm;;2 - 0
SMM;2026;4. Liga - Nordwest 2;5;3;Baden-Brugg 9;Jerome Schmitz;;Therwil 3;Stephan Marsch;1496;0 - 2
SMM;2026;4. Liga - Nordwest 2;5;4;Therwil 3;Vito Lo Presti;1350;Baden-Brugg 9;;;6 - 4
SMM;2026;4. Liga - Nordwest 2;5;1;Trümmerfeld 5;Marika Hess;1200;Süci 1;Ferenc Süket;1628;0 - 2
SMM;2026;4. Liga - Nordwest 2;5;2;Süci 1;Maté Süket;1860;Trümmerfeld 5;Sajal Shraddha;1200;2 - 0
SMM;2026;4. Liga - Nordwest 2;5;3;Trümmerfeld 5;Koray-Utku Yagci;1200;Süci 1;Mark Süket;1788;0 - 2
SMM;2026;4. Liga - Nordwest 2;5;4;Süci 1;Darian Gutzwiller;1633;Trümmerfeld 5;Thomas Bollinger;1200;2 - 0
SGM;2024/25;2. Regionalliga - Zone D;1;1;Court 2;Christian Graber;1709;Basel SG 2;Eric Ellenbroek;1778;2 - 0
SGM;2024/25;2. Regionalliga - Zone D;1;2;Basel SG 2;Pietro Gervasoni;1930;Court 2;Bruno Bosco;1575;2 - 0
SGM;2024/25;2. Regionalliga - Zone D;1;3;Court 2;Nicolas Unternährer;1525;Basel SG 2;Hans Frischknecht;1767;2 - 0
SGM;2024/25;2. Regionalliga - Zone D;1;4;Basel SG 2;Daniel Jost;1884;Court 2;Alain Graber;1350;2 - 0
SGM;2024/25;2. Regionalliga - Zone D;1;5;Court 2;Walter Zingg;1827;Basel SG 2;Timotej Alexander Rosebrock;1450;2 - 0
SGM;2024/25;2. Regionalliga - Zone D;1;1;Mett-Madretsch 1;Alush Blakaj;1838;Porrentruy Echiquier Bruntrutain 2;Nicolas Kaser;1671;0 - 2
SGM;2024/25;2. Regionalliga - Zone D;1;2;Porrentruy Echiquier Bruntrutain 2;Alexandre Desboeufs;1872;Mett-Madretsch 1;Antonio Foglia;1415;2 - 0
SGM;2024/25;2. Regionalliga - Zone D;1;3;Mett-Madretsch 1;Vittorio D'Arcangelo;1831;Porrentruy Echiquier Bruntrutain 2;Fabien Maître;1641;1 - 1
SGM;2024/25;2. Regionalliga - Zone D;1;4;Porrentruy Echiquier Bruntrutain 2;Jean-Pierre Tisserand;1766;Mett-Madretsch 1;Pietro De Vito;1583;2 - 0
SGM;2024/25;2. Regionalliga - Zone D;1;5;Mett-Madretsch 1;Matthias Gallus;1691;Porrentruy Echiquier Bruntrutain 2;Alec Schneider;1450;1 - 1
SGM;2024/25;2. Regionalliga - Zone D;1;1;Rhy-Rheinfelden 1;;;SAMBY Basel 1;Gian Luca Costa;2387;0 - 2
SGM;2024/25;2. Regionalliga - Zone D;1;2;SAMBY Basel 1;Samuel Blaser;1962;Rhy-Rheinfelden 1;Sandro Bolettieri;1621;2 - 0
SGM;2024/25;2. Regionalliga - Zone D;1;3;Rhy-Rheinfelden 1;;;SAMBY Basel 1;;;1 - 1
SGM;2024/25;2. Regionalliga - Zone D;1;4;SAMBY Basel 1;;;Rhy-Rheinfelden 1;Az Damdinsuren;1886;0 - 2
SGM;2024/25;2. Regionalliga - Zone D;1;5;Rhy-Rheinfelden 1;Rolf Haag;1592;SAMBY Basel 1;;;6 - 4
SGM;2024/25;2. Regionalliga - Zone D;1;1;Therwil 1;Marc Jud;1497;Trümmerfeld 2;Michael Schröter;1468;0 - 2
SGM;2024/25;2. Regionalliga - Zone D;1;2;Trümmerfeld 2;Peter Polanyi;1953;Therwil 1;Ettore Faraone;1822;0 - 2
SGM;2024/25;2. Regionalliga - Zone D;1;3;Therwil 1;Thomas Waldmeier;1871;Trümmerfeld 2;Franz Meier;1856;2 - 0
SGM;2024/25;2. Regionalliga - Zone D;1;4;Trümmerfeld 2;Jürgen Denzel;1645;Therwil 1;Wolfgang Ledermann;1868;1 - 1
SGM;2024/25;2. Regionalliga - Zone D;1;5;Therwil 1;Toni Lozancic;1712;Trümmerfeld 2;Martin Fankhauser;1705;0 - 2
SGM;2024/25;2. Regionalliga - Zone D;2;1;Porrentruy Echiquier Bruntrutain 2;Alexandre Desboeufs;1872;Therwil 1;Thomas Waldmeier;1871;1 - 1
SGM;2024/25;2. Regionalliga - Zone D;2;2;Therwil 1;Ettore Faraone;1822;Porrentruy Echiquier Bruntrutain 2;Fabien Maître;1641;2 - 0
SGM;2024/25;2. Regionalliga - Zone D;2;3;Porrentruy Echiquier Bruntrutain 2;Cédric Desboeufs;1781;Therwil 1;Werner Müller;1941;0 - 2
SGM;2024/25;2. Regionalliga - Zone D;2;4;Therwil 1;Joachim Kellenberger;1977;Porrentruy Echiquier Bruntrutain 2;Alec Schneider;1450;1 - 1
SGM;2024/25;2. Regionalliga - Zone D;2;5;Porrentruy Echiquier Bruntrutain 2;Jean-Pierre Tisserand;1766;Therwil 1;Toni Lozancic;1712;1 - 1
SGM;2024/25;2. Regionalliga - Zone D;2;1;Trümmerfeld 2;Stefan Olarte;1450;Basel SG 2;Jürg Gerschwiler;1983;1 - 1
SGM;2024/25;2. Regionalliga - Zone D;2;2;Basel SG 2;Daniel Jost;1884;Trümmerfeld 2;Peter Polanyi;1953;1 - 1
SGM;2024/25;2. Regionalliga - Zone D;2;3;Trümmerfeld 2;Noah Rosen;1569;Basel SG 2;Hans Frischknecht;1767;1 - 1
SGM;2024/25;2. Regionalliga - Zone D;2;4;Basel SG 2;;;Trümmerfeld 2;Jürgen Denzel;1645;1 - 1
SGM;2024/25;2. Regionalliga - Zone D;2;5;Trümmerfeld 2;Franz Meier;1856;Basel SG 2;Eric Ellenbroek;1778;2 - 0
SGM;2024/25;2. Regionalliga - Zone D;2;1;Mett-Madretsch 1;Alush Blakaj;1838;SAMBY Basel 1;;;6 - 4
SGM;2024/25;2. Regionalliga - Zone D;2;2;SAMBY Basel 1;;;Mett-Madretsch 1;Prosper Meyer;1880;4 - 6
SGM;2024/25;2. Regionalliga - Zone D;2;3;Mett-Madretsch 1;Vittorio D'Arcangelo;1831;SAMBY Basel 1;;;6 - 4
SGM;2024/25;2. Regionalliga - Zone D;2;4;SAMBY Basel 1;;;Mett-Madretsch 1;Marin Boillat;1835;4 - 6
SGM;2024/25;2. Regionalliga - Zone D;2;5;Mett-Madretsch 1;Pierre-Alain Kohler;1679;SAMBY Basel 1;;;6 - 4
SGM;2024/25;2. Regionalliga - Zone D;2;1;Court 2;Ludovic Gerber;1540;Rhy-Rheinfelden 1;Az Damdinsuren;1886;1 - 1
SGM;2024/25;2. Regionalliga - Zone D;2;2;Rhy-Rheinfelden 1;Rolf Haag;1592;Court 2;Joël Schaer;1322;1 - 1
SGM;2024/25;2. Regionalliga - Zone D;2;3;Court 2;Nicolas Unternährer;1525;Rhy-Rheinfelden 1;Robert Kaiser;1582;2 - 0
SGM;2024/25;2. Regionalliga - Zone D;2;4;Rhy-Rheinfelden 1;Josef Koch;1916;Court 2;Olivier Graber;1450;2 - 0
SGM;2024/25;2. Regionalliga - Zone D;2;5;Court 2;Alain Graber;1350;Rhy-Rheinfelden 1;Gustavo Barros;1643;2 - 0
SGM;2024/25;2. Regionalliga - Zone D;3;1;Basel SG 2;Thomas Häring;1979;Mett-Madretsch 1;Prosper Meyer;1880;1 - 1
SGM;2024/25;2. Regionalliga - Zone D;3;2;Mett-Madretsch 1;Matthias Gallus;1691;Basel SG 2;Jürg Gerschwiler;1983;0 - 2
SGM;2024/25;2. Regionalliga - Zone D;3;3;Basel SG 2;Hanspeter Marti;1811;Mett-Madretsch 1;Marin Boillat;1835;2 - 0
SGM;2024/25;2. Regionalliga - Zone D;3;4;Mett-Madretsch 1;Vittorio D'Arcangelo;1831;Basel SG 2;Eric Ellenbroek;1778;2 - 0
SGM;2024/25;2. Regionalliga - Zone D;3;5;Basel SG 2;Timotej Alexander Rosebrock;1450;Mett-Madretsch 1;Pierre-Alain Kohler;1679;2 - 0
SGM;2024/25;2. Regionalliga - Zone D;3;1;SAMBY Basel 1;;;Court 2;Nicolas Fortier;1681;2 - 0
SGM;2024/25;2. Regionalliga - Zone D;3;2;Court 2;Renaud Gerber;1450;SAMBY Basel 1;Ilja Rosmann;2293;1 - 1
SGM;2024/25;2. Regionalliga - Zone D;3;3;SAMBY Basel 1;Gian Luca Costa;2387;Court 2;Nicolas Unternährer;1525;2 - 0
SGM;2024/25;2. Regionalliga - Zone D;3;4;Court 2;Christian Graber;1709;SAMBY Basel 1;Even Thingstad;2191;0 - 2
SGM;2024/25;2. Regionalliga - Zone D;3;5;SAMBY Basel 1;Milorad Novosel;2091;Court 2;Kurt Steiner;1705;2 - 0
SGM;2024/25;2. Regionalliga - Zone D;3;1;Porrentruy Echiquier Bruntrutain 2;Laurent Jacquot;1935;Trümmerfeld 2;Stefan Olarte;1450;2 - 0
SGM;2024/25;2. Regionalliga - Zone D;3;2;Trümmerfeld 2;Peter Polanyi;1953;Porrentruy Echiquier Bruntrutain 2;Alec Schneider;1450;1 - 1
SGM;2024/25;2. Regionalliga - Zone D;3;3;Porrentruy Echiquier Bruntrutain 2;Fabien Maître;1641;Trümmerfeld 2;Franz Meier;1856;0 - 2
SGM;2024/25;2. Regionalliga - Zone D;3;4;Trümmerfeld 2;Martin Fankhauser;1705;Porrentruy Echiquier Bruntrutain 2;;;2 - 0
SGM;2024/25;2. Regionalliga - Zone D;3;5;Porrentruy Echiquier Bruntrutain 2;Marco Retti;1523;Trümmerfeld 2;Moritz Weegen;1755;2 - 0
SGM;2024/25;2. Regionalliga - Zone D;3;1;Therwil 1;Werner Müller;1941;Rhy-Rheinfelden 1;Josef Koch;1916;2 - 0
SGM;2024/25;2. Regionalliga - Zone D;3;2;Rhy-Rheinfelden 1;Janis Steinacher;1937;Therwil 1;Ettore Faraone;1822;2 - 0
SGM;2024/25;2. Regionalliga - Zone D;3;3;Therwil 1;Wolfgang Ledermann;1868;Rhy-Rheinfelden 1;Az Damdinsuren;1886;2 - 0
SGM;2024/25;2. Regionalliga - Zone D;3;4;Rhy-Rheinfelden 1;Rolf Haag;1592;Therwil 1;Marc Jud;1497;0 - 2
SGM;2024/25;2. Regionalliga - Zone D;3;5;Therwil 1;Toni Lozancic;1712;Rhy-Rheinfelden 1;André Schneider;1556;2 - 0
SGM;2024/25;2. Regionalliga - Zone D;4;1;Rhy-Rheinfelden 1;Josef Koch;1916;Mett-Madretsch 1;Vittorio D'Arcangelo;1831;2 - 0
SGM;2024/25;2. Regionalliga - Zone D;4;2;Mett-Madretsch 1;Prosper Meyer;1880;Rhy-Rheinfelden 1;Janis Steinacher;1937;0 - 2
SGM;2024/25;2. Regionalliga - Zone D;4;3;Rhy-Rheinfelden 1;Az Damdinsuren;1886;Mett-Madretsch 1;Mario Young;1450;2 - 0
SGM;2024/25;2. Regionalliga - Zone D;4;4;Mett-Madretsch 1;Matthias Gallus;1691;Rhy-Rheinfelden 1;Volker Wessely;1854;2 - 0
SGM;2024/25;2. Regionalliga - Zone D;4;5;Rhy-Rheinfelden 1;Rolf Haag;1592;Mett-Madretsch 1;Pierre-Alain Kohler;1679;1 - 1
SGM;2024/25;2. Regionalliga - Zone D;4;1;Basel SG 2;Daniel Jost;1884;Porrentruy Echiquier Bruntrutain 2;Nicolas Kaser;1671;0 - 2
SGM;2024/25;2. Regionalliga - Zone D;4;2;Porrentruy Echiquier Bruntrutain 2;Laurent Jacquot;1935;Basel SG 2;Jürg Gerschwiler;1983;0 - 2
SGM;2024/25;2. Regionalliga - Zone D;4;3;Basel SG 2;Ruth Bohrer;1912;Porrentruy Echiquier Bruntrutain 2;Frédéric Osberger;2024;1 - 1
SGM;2024/25;2. Regionalliga - Zone D;4;4;Porrentruy Echiquier Bruntrutain 2;Jean-Pierre Tisserand;1766;Basel SG 2;Carlos Amado-Blanco;1798;0 - 2
SGM;2024/25;2. Regionalliga - Zone D;4;5;Basel SG 2;Hanspeter Marti;1811;Porrentruy Echiquier Bruntrutain 2;Alec Schneider;1450;2 - 0
SGM;2024/25;2. Regionalliga - Zone D;4;1;Trümmerfeld 2;Stefan Olarte;1450;Court 2;Ludovic Gerber;1540;1 - 1
SGM;2024/25;2. Regionalliga - Zone D;4;2;Court 2;Renaud Gerber;1450;Trümmerfeld 2;Peter Polanyi;1953;1 - 1
SGM;2024/25;2. Regionalliga - Zone D;4;3;Trümmerfeld 2;Jürgen Denzel;1645;Court 2;Christian Graber;1709;1 - 1
SGM;2024/25;2. Regionalliga - Zone D;4;4;Court 2;Bruno Bosco;1575;Trümmerfeld 2;Martin Fankhauser;1705;1 - 1
SGM;2024/25;2. Regionalliga - Zone D;4;5;Trümmerfeld 2;Michel Gogniat;1823;Court 2;Pascal Eschmann;1948;0 - 2
SGM;2024/25;2. Regionalliga - Zone D;4;1;SAMBY Basel 1;Gian Luca Costa;2387;Therwil 1;Philipp Häner;1992;1 - 1
SGM;2024/25;2. Regionalliga - Zone D;4;2;Therwil 1;Ettore Faraone;1822;SAMBY Basel 1;Even Thingstad;2191;6 - 4
SGM;2024/25;2. Regionalliga - Zone D;4;3;SAMBY Basel 1;;;Therwil 1;Thomas Waldmeier;1871;1 - 1
SGM;2024/25;2. Regionalliga - Zone D;4;4;Therwil 1;Marc Jud;1497;SAMBY Basel 1;;;0 - 2
SGM;2024/25;2. Regionalliga - Zone D;4;5;SAMBY Basel 1;;;Therwil 1;Toni Lozancic;1712;0 - 2
SGM;2024/25;2. Regionalliga - Zone D;5;1;Basel SG 2;Daniel Jost;1884;Therwil 1;Thomas Waldmeier;1871;1 - 1
SGM;2024/25;2. Regionalliga - Zone D;5;2;Therwil 1;Ettore Faraone;1822;Basel SG 2;Nikita Cardinaux;1704;2 - 0
SGM;2024/25;2. Regionalliga - Zone D;5;3;Basel SG 2;Eric Ellenbroek;1778;Therwil 1;Marc Jud;1497;0 - 2
SGM;2024/25;2. Regionalliga - Zone D;5;4;Therwil 1;Toni Lozancic;1712;Basel SG 2;Carlos Amado-Blanco;1798;0 - 2
SGM;2024/25;2. Regionalliga - Zone D;5;5;Basel SG 2;Oskar Arden;1691;Therwil 1;Werner Müller;1941;0 - 2
SGM;2024/25;2. Regionalliga - Zone D;5;1;Rhy-Rheinfelden 1;Janis Steinacher;1937;Trümmerfeld 2;Andreas Christen;1706;2 - 0
SGM;2024/25;2. Regionalliga - Zone D;5;2;Trümmerfeld 2;Peter Polanyi;1953;Rhy-Rheinfelden 1;Az Damdinsuren;1886;2 - 0
SGM;2024/25;2. Regionalliga - Zone D;5;3;Rhy-Rheinfelden 1;Volker Wessely;1854;Trümmerfeld 2;Jürgen Denzel;1645;1 - 1
SGM;2024/25;2. Regionalliga - Zone D;5;4;Trümmerfeld 2;Noah Rosen;1569;Rhy-Rheinfelden 1;;;2 - 0
SGM;2024/25;2. Regionalliga - Zone D;5;5;Rhy-Rheinfelden 1;Rolf Haag;1592;Trümmerfeld 2;Martin Fankhauser;1705;0 - 2
SGM;2024/25;2. Regionalliga - Zone D;5;1;Porrentruy Echiquier Bruntrutain 2;Nicolas Kaser;1671;SAMBY Basel 1;;;6 - 4
SGM;2024/25;2. Regionalliga - Zone D;5;2;SAMBY Basel 1;;;Porrentruy Echiquier Bruntrutain 2;Alec Schneider;1450;4 - 6
SGM;2024/25;2. Regionalliga - Zone D;5;3;Porrentruy Echiquier Bruntrutain 2;Marco Retti;1523;SAMBY Basel 1;;;6 - 4
SGM;2024/25;2. Regionalliga - Zone D;5;4;SAMBY Basel 1;;;Porrentruy Echiquier Bruntrutain 2;Fabien Maître;1641;4 - 6
SGM;2024/25;2. Regionalliga - Zone D;5;5;Porrentruy Echiquier Bruntrutain 2;Jean-Pierre Tisserand;1766;SAMBY Basel 1;;;6 - 4
SGM;2024/25;2. Regionalliga - Zone D;5;1;Court 2;Ludovic Gerber;1540;Mett-Madretsch 1;Mario Young;1450;2 - 0
SGM;2024/25;2. Regionalliga - Zone D;5;2;Mett-Madretsch 1;Matthias Gallus;1691;Court 2;Renaud Gerber;1450;0 - 2
SGM;2024/25;2. Regionalliga - Zone D;5;3;Court 2;Christian Graber;1709;Mett-Madretsch 1;Vittorio D'Arcangelo;1831;2 - 0
SGM;2024/25;2. Regionalliga - Zone D;5;4;Mett-Madretsch 1;Prosper Meyer;1880;Court 2;Walter Zingg;1827;2 - 0
SGM;2024/25;2. Regionalliga - Zone D;5;5;Court 2;Alain Graber;1350;Mett-Madretsch 1;Pierre-Alain Kohler;1679;1 - 1
SGM;2024/25;2. Regionalliga - Zone D;6;1;Trümmerfeld 2;Franz Meier;1856;SAMBY Basel 1;;;0 - 2
SGM;2024/25;2. Regionalliga - Zone D;6;2;SAMBY Basel 1;Even Thingstad;2191;Trümmerfeld 2;Peter Polanyi;1953;2 - 0
SGM;2024/25;2. Regionalliga - Zone D;6;3;Trümmerfeld 2;Jürgen Denzel;1645;SAMBY Basel 1;Milorad Novosel;2091;2 - 0
SGM;2024/25;2. Regionalliga - Zone D;6;4;SAMBY Basel 1;;;Trümmerfeld 2;Claudio Nogara;1422;2 - 0
SGM;2024/25;2. Regionalliga - Zone D;6;5;Trümmerfeld 2;Michel Gogniat;1823;SAMBY Basel 1;;;2 - 0
SGM;2024/25;2. Regionalliga - Zone D;6;1;Court 2;Nicolas Unternährer;1525;Porrentruy Echiquier Bruntrutain 2;Fabien Maître;1641;1 - 1
SGM;2024/25;2. Regionalliga - Zone D;6;2;Porrentruy Echiquier Bruntrutain 2;Alexandre Desboeufs;1872;Court 2;Jacques Michel;1629;2 - 0
SGM;2024/25;2. Regionalliga - Zone D;6;3;Court 2;Christian Graber;1709;Porrentruy Echiquier Bruntrutain 2;Alec Schneider;1450;2 - 0
SGM;2024/25;2. Regionalliga - Zone D;6;4;Porrentruy Echiquier Bruntrutain 2;Cédric Desboeufs;1781;Court 2;Bruno Bosco;1575;2 - 0
SGM;2024/25;2. Regionalliga - Zone D;6;5;Court 2;Kenny Harnisch;1556;Porrentruy Echiquier Bruntrutain 2;Jean-Pierre Tisserand;1766;2 - 0
SGM;2024/25;2. Regionalliga - Zone D;6;1;Rhy-Rheinfelden 1;Janis Steinacher;1937;Basel SG 2;Thomas Häring;1979;2 - 0
SGM;2024/25;2. Regionalliga - Zone D;6;2;Basel SG 2;Oskar Arden;1691;Rhy-Rheinfelden 1;Az Damdinsuren;1886;1 - 1
SGM;2024/25;2. Regionalliga - Zone D;6;3;Rhy-Rheinfelden 1;;;Basel SG 2;Ruth Bohrer;1912;2 - 0
SGM;2024/25;2. Regionalliga - Zone D;6;4;Basel SG 2;Nikita Cardinaux;1704;Rhy-Rheinfelden 1;Robert Kaiser;1582;2 - 0
SGM;2024/25;2. Regionalliga - Zone D;6;5;Rhy-Rheinfelden 1;Rolf Haag;1592;Basel SG 2;Carlos Amado-Blanco;1798;2 - 0
SGM;2024/25;2. Regionalliga - Zone D;6;1;Mett-Madretsch 1;Prosper Meyer;1880;Therwil 1;Marc Jud;1497;0 - 2
SGM;2024/25;2. Regionalliga - Zone D;6;2;Therwil 1;Thomas Waldmeier;1871;Mett-Madretsch 1;Vittorio D'Arcangelo;1831;1 - 1
SGM;2024/25;2. Regionalliga - Zone D;6;3;Mett-Madretsch 1;Alush Blakaj;1838;Therwil 1;Sandro Prato;1350;2 - 0
SGM;2024/25;2. Regionalliga - Zone D;6;4;Therwil 1;Werner Müller;1941;Mett-Madretsch 1;Pierre-Alain Kohler;1679;2 - 0
SGM;2024/25;2. Regionalliga - Zone D;6;5;Mett-Madretsch 1;Matthias Gallus;1691;Therwil 1;Timo Schmidt;1445;1 - 1
SGM;2024/25;2. Regionalliga - Zone D;7;1;SAMBY Basel 1;;;Basel SG 2;Eric Ellenbroek;1778;4 - 6
SGM;2024/25;2. Regionalliga - Zone D;7;2;Basel SG 2;Gerhard Hartsleben;2071;SAMBY Basel 1;;;6 - 4
SGM;2024/25;2. Regionalliga - Zone D;7;3;SAMBY Basel 1;;;Basel SG 2;Rudolf Radlingmayr;1833;4 - 6
SGM;2024/25;2. Regionalliga - Zone D;7;4;Basel SG 2;Daniel Jost;1884;SAMBY Basel 1;;;6 - 4
SGM;2024/25;2. Regionalliga - Zone D;7;5;SAMBY Basel 1;;;Basel SG 2;Carlos Amado-Blanco;1798;4 - 6
SGM;2024/25;2. Regionalliga - Zone D;7;1;Mett-Madretsch 1;Alush Blakaj;1838;Trümmerfeld 2;Lean Siegrist;1640;2 - 0
SGM;2024/25;2. Regionalliga - Zone D;7;2;Trümmerfeld 2;Noah Rosen;1569;Mett-Madretsch 1;Pierre-Alain Kohler;1679;2 - 0
SGM;2024/25;2. Regionalliga - Zone D;7;3;Mett-Madretsch 1;Vittorio D'Arcangelo;1831;Trümmerfeld 2;Peter Polanyi;1953;2 - 0
SGM;2024/25;2. Regionalliga - Zone D;7;4;Trümmerfeld 2;Martin Fankhauser;1705;Mett-Madretsch 1;Luca Antognini;1555;2 - 0
SGM;2024/25;2. Regionalliga - Zone D;7;5;Mett-Madretsch 1;Matthias Gallus;1691;Trümmerfeld 2;Andreas Christen;1706;0 - 2
SGM;2024/25;2. Regionalliga - Zone D;7;1;Therwil 1;Philipp Häner;1992;Court 2;Christian Graber;1709;2 - 0
SGM;2024/25;2. Regionalliga - Zone D;7;2;Court 2;Pascal Eschmann;1948;Therwil 1;Werner Müller;1941;2 - 0
SGM;2024/25;2. Regionalliga - Zone D;7;3;Therwil 1;Marc Jud;1497;Court 2;Walter Zingg;1827;2 - 0
SGM;2024/25;2. Regionalliga - Zone D;7;4;Court 2;Kurt Steiner;1705;Therwil 1;Wolfgang Ledermann;1868;1 - 1
SGM;2024/25;2. Regionalliga - Zone D;7;5;Therwil 1;Toni Lozancic;1712;Court 2;Kenny Harnisch;1556;0 - 2
SGM;2024/25;2. Regionalliga - Zone D;7;1;Porrentruy Echiquier Bruntrutain 2;Cédric Desboeufs;1781;Rhy-Rheinfelden 1;Az Damdinsuren;1886;2 - 0
SGM;2024/25;2. Regionalliga - Zone D;7;2;Rhy-Rheinfelden 1;Rolf Haag;1592;Porrentruy Echiquier Bruntrutain 2;Alec Schneider;1450;0 - 2
SGM;2024/25;2. Regionalliga - Zone D;7;3;Porrentruy Echiquier Bruntrutain 2;Fabien Maître;1641;Rhy-Rheinfelden 1;André Schneider;1556;2 - 0
SGM;2024/25;2. Regionalliga - Zone D;7;4;Rhy-Rheinfelden 1;Robert Kaiser;1582;Porrentruy Echiquier Bruntrutain 2;Jean-Pierre Tisserand;1766;1 - 1
SGM;2024/25;2. Regionalliga - Zone D;7;5;Porrentruy Echiquier Bruntrutain 2;Marco Retti;1523;Rhy-Rheinfelden 1;Darmen Konysbekov;1628;2 - 0
SGM;2024/25;3. Regionalliga - Zone H;1;1;Porrentruy Echiquier Bruntrutain 3;Kevin Seewer;1450;Porrentruy Echiquier Bruntrutain 4;Luca Schaller;1200;2 - 0
SGM;2024/25;3. Regionalliga - Zone H;1;2;Porrentruy Echiquier Bruntrutain 4;Lucas Reyes;1408;Porrentruy Echiquier Bruntrutain 3;Alexis Loetscher;1566;0 - 2
SGM;2024/25;3. Regionalliga - Zone H;1;3;Porrentruy Echiquier Bruntrutain 3;Erwan Bourquard;1442;Porrentruy Echiquier Bruntrutain 4;;;2 - 0
SGM;2024/25;3. Regionalliga - Zone H;1;4;Porrentruy Echiquier Bruntrutain 4;;;Porrentruy Echiquier Bruntrutain 3;Claude Desboeufs;1459;1 - 1
SGM;2024/25;3. Regionalliga - Zone H;1;1;Jura 1;Philippe Michel;1923;Basel SG 3;Reto Sigrist;1644;2 - 0
SGM;2024/25;3. Regionalliga - Zone H;1;2;Basel SG 3;Peter Mattmann;1743;Jura 1;Raymond Gétaz;1766;1 - 1
SGM;2024/25;3. Regionalliga - Zone H;1;3;Jura 1;Bruno Lachausse;1667;Basel SG 3;Peter Zobrist;1577;2 - 0
SGM;2024/25;3. Regionalliga - Zone H;1;4;Basel SG 3;Nikita Cardinaux;1704;Jura 1;Jean-Pierre Babey;1839;1 - 1
SGM;2024/25;3. Regionalliga - Zone H;1;1;SG Riehen 3;René Deubelbeiss;1941;Therwil 2;Philipp Willimann;1739;2 - 0
SGM;2024/25;3. Regionalliga - Zone H;1;2;Therwil 2;Timo Schmidt;1445;SG Riehen 3;Dario Wachholz;1531;2 - 0
SGM;2024/25;3. Regionalliga - Zone H;1;3;SG Riehen 3;Poyraz Canatar;1338;Therwil 2;Vito Lo Presti;1350;1 - 1
SGM;2024/25;3. Regionalliga - Zone H;1;4;Therwil 2;;;SG Riehen 3;Sophie Anis;1200;2 - 0
SGM;2024/25;3. Regionalliga - Zone H;2;1;SG Riehen 3;Krithik Chockalingam;1350;Jura 1;Raymond Gétaz;1766;1 - 1
SGM;2024/25;3. Regionalliga - Zone H;2;2;Jura 1;Jean-Pierre Babey;1839;SG Riehen 3;Vishak Chockalingam;1200;1 - 1
SGM;2024/25;3. Regionalliga - Zone H;2;3;SG Riehen 3;Dario Wachholz;1531;Jura 1;Gilles Droux;1874;1 - 1
SGM;2024/25;3. Regionalliga - Zone H;2;4;Jura 1;Bruno Lachausse;1667;SG Riehen 3;Poyraz Canatar;1338;1 - 1
SGM;2024/25;3. Regionalliga - Zone H;2;1;Therwil 2;Timo Schmidt;1445;Porrentruy Echiquier Bruntrutain 4;Marco Retti;1523;0 - 2
SGM;2024/25;3. Regionalliga - Zone H;2;2;Porrentruy Echiquier Bruntrutain 4;;;Therwil 2;Philipp Willimann;1739;0 - 2
SGM;2024/25;3. Regionalliga - Zone H;2;3;Therwil 2;Vito Lo Presti;1350;Porrentruy Echiquier Bruntrutain 4;Luca Schaller;1200;2 - 0
SGM;2024/25;3. Regionalliga - Zone H;2;4;Porrentruy Echiquier Bruntrutain 4;;;Therwil 2;Alessio Arcuri;1593;0 - 2
SGM;2024/25;3. Regionalliga - Zone H;2;1;Rhy-Rheinfelden 2;Stephan Eliczi;1322;Basel SG 3;Lukas Ehlers;1660;0 - 2
SGM;2024/25;3. Regionalliga - Zone H;2;2;Basel SG 3;Timothée Cuénod;1492;Rhy-Rheinfelden 2;Beat Hartmann;1686;2 - 0
SGM;2024/25;3. Regionalliga - Zone H;2;3;Rhy-Rheinfelden 2;Roland Fuchs;1450;Basel SG 3;Joel Cuénod;1590;0 - 2
SGM;2024/25;3. Regionalliga - Zone H;2;4;Basel SG 3;Stephan Bonauer;1473;Rhy-Rheinfelden 2;;;2 - 0
SGM;2024/25;3. Regionalliga - Zone H;3;1;Porrentruy Echiquier Bruntrutain 3;Martin Schneider;1450;Jura 1;Pierre Lachat;1747;1 - 1
SGM;2024/25;3. Regionalliga - Zone H;3;2;Jura 1;Philippe Michel;1923;Porrentruy Echiquier Bruntrutain 3;Kevin Seewer;1450;2 - 0
SGM;2024/25;3. Regionalliga - Zone H;3;3;Porrentruy Echiquier Bruntrutain 3;Erwan Bourquard;1442;Jura 1;Gilles Droux;1874;0 - 2
SGM;2024/25;3. Regionalliga - Zone H;3;4;Jura 1;Jean-Pierre Babey;1839;Porrentruy Echiquier Bruntrutain 3;Nicolas Charpié;1200;2 - 0
SGM;2024/25;3. Regionalliga - Zone H;3;1;Porrentruy Echiquier Bruntrutain 4;;;SG Riehen 3;Krithik Chockalingam;1350;0 - 2
SGM;2024/25;3. Regionalliga - Zone H;3;2;SG Riehen 3;Vishak Chockalingam;1200;Porrentruy Echiquier Bruntrutain 4;Claude Desboeufs;1459;2 - 0
SGM;2024/25;3. Regionalliga - Zone H;3;3;Porrentruy Echiquier Bruntrutain 4;;;SG Riehen 3;Dario Wachholz;1531;0 - 2
SGM;2024/25;3. Regionalliga - Zone H;3;4;SG Riehen 3;Sophie Anis;1200;Porrentruy Echiquier Bruntrutain 4;;;2 - 0
SGM;2024/25;3. Regionalliga - Zone H;3;1;Therwil 2;Timo Schmidt;1445;Rhy-Rheinfelden 2;Beat Hartmann;1686;2 - 0
SGM;2024/25;3. Regionalliga - Zone H;3;2;Rhy-Rheinfelden 2;Roland Fuchs;1450;Therwil 2;Philipp Willimann;1739;0 - 2
SGM;2024/25;3. Regionalliga - Zone H;3;3;Therwil 2;Orkun Fluri;1523;Rhy-Rheinfelden 2;Gustavo Barros;1643;0 - 2
SGM;2024/25;3. Regionalliga - Zone H;3;4;Rhy-Rheinfelden 2;Hansruedi Jost;1200;Therwil 2;Vito Lo Presti;1350;0 - 2
SGM;2024/25;3. Regionalliga - Zone H;4;1;SG Riehen 3;Beat Spielmann;1766;Porrentruy Echiquier Bruntrutain 3;Alexis Loetscher;1566;2 - 0
SGM;2024/25;3. Regionalliga - Zone H;4;2;Porrentruy Echiquier Bruntrutain 3;Erwan Bourquard;1442;SG Riehen 3;Dario Wachholz;1531;0 - 2
SGM;2024/25;3. Regionalliga - Zone H;4;3;SG Riehen 3;Deniz Ronny Bünül;1200;Porrentruy Echiquier Bruntrutain 3;Eliot Greiner;1783;1 - 1
SGM;2024/25;3. Regionalliga - Zone H;4;4;Porrentruy Echiquier Bruntrutain 3;Cyril Farrer;1538;SG Riehen 3;Xian-Gai LIN;1400;2 - 0
SGM;2024/25;3. Regionalliga - Zone H;4;1;Rhy-Rheinfelden 2;Hansruedi Jost;1200;Porrentruy Echiquier Bruntrutain 4;Claude Desboeufs;1459;2 - 0
SGM;2024/25;3. Regionalliga - Zone H;4;2;Porrentruy Echiquier Bruntrutain 4;;;Rhy-Rheinfelden 2;Beat Hartmann;1686;0 - 2
SGM;2024/25;3. Regionalliga - Zone H;4;3;Rhy-Rheinfelden 2;Gustavo Barros;1643;Porrentruy Echiquier Bruntrutain 4;;;2 - 0
SGM;2024/25;3. Regionalliga - Zone H;4;4;Porrentruy Echiquier Bruntrutain 4;Luca Schaller;1200;Rhy-Rheinfelden 2;;;0 - 2
SGM;2024/25;3. Regionalliga - Zone H;4;1;Basel SG 3;Peter Mattmann;1743;Therwil 2;Timo Schmidt;1445;1 - 1
SGM;2024/25;3. Regionalliga - Zone H;4;2;Therwil 2;Ruben Hauenstein;1496;Basel SG 3;Nikita Cardinaux;1704;1 - 1
SGM;2024/25;3. Regionalliga - Zone H;4;3;Basel SG 3;Timothée Cuénod;1492;Therwil 2;Orkun Fluri;1523;1 - 1
SGM;2024/25;3. Regionalliga - Zone H;4;4;Therwil 2;;;Basel SG 3;Peter Zobrist;1577;0 - 2
SGM;2024/25;3. Regionalliga - Zone H;5;1;Basel SG 3;Peter Mattmann;1743;Porrentruy Echiquier Bruntrutain 3;Cédric Desboeufs;1781;0 - 2
SGM;2024/25;3. Regionalliga - Zone H;5;2;Porrentruy Echiquier Bruntrutain 3;;;Basel SG 3;Hans Frischknecht;1767;2 - 0
SGM;2024/25;3. Regionalliga - Zone H;5;3;Basel SG 3;Timothée Cuénod;1492;Porrentruy Echiquier Bruntrutain 3;Alexis Loetscher;1566;0 - 2
SGM;2024/25;3. Regionalliga - Zone H;5;4;Porrentruy Echiquier Bruntrutain 3;Nicolas Charpié;1200;Basel SG 3;Lukas Ehlers;1660;0 - 2
SGM;2024/25;3. Regionalliga - Zone H;5;1;Therwil 2;;;Jura 1;Pierre Lachat;1747;0 - 2
SGM;2024/25;3. Regionalliga - Zone H;5;2;Jura 1;Jean-Pierre Babey;1839;Therwil 2;Philipp Willimann;1739;1 - 1
SGM;2024/25;3. Regionalliga - Zone H;5;3;Therwil 2;Ruben Hauenstein;1496;Jura 1;Philippe Michel;1923;1 - 1
SGM;2024/25;3. Regionalliga - Zone H;5;4;Jura 1;Bruno Lachausse;1667;Therwil 2;Orkun Fluri;1523;0 - 2
SGM;2024/25;3. Regionalliga - Zone H;5;1;Rhy-Rheinfelden 2;Darmen Konysbekov;1628;SG Riehen 3;Poyraz Canatar;1338;0 - 2
SGM;2024/25;3. Regionalliga - Zone H;5;2;SG Riehen 3;Deniz Ronny Bünül;1200;Rhy-Rheinfelden 2;;;0 - 2
SGM;2024/25;3. Regionalliga - Zone H;5;3;Rhy-Rheinfelden 2;Gustavo Barros;1643;SG Riehen 3;Xian-Gai LIN;1400;2 - 0
SGM;2024/25;3. Regionalliga - Zone H;5;4;SG Riehen 3;Felix Li;1200;Rhy-Rheinfelden 2;Beat Hartmann;1686;0 - 2
SGM;2024/25;3. Regionalliga - Zone H;6;1;SG Riehen 3;Vishak Chockalingam;1200;Basel SG 3;Lukas Ehlers;1660;1 - 1
SGM;2024/25;3. Regionalliga - Zone H;6;2;Basel SG 3;Peter Mattmann;1743;SG Riehen 3;Krithik Chockalingam;1350;0 - 2
SGM;2024/25;3. Regionalliga - Zone H;6;3;SG Riehen 3;Dario Wachholz;1531;Basel SG 3;Hans Frischknecht;1767;2 - 0
SGM;2024/25;3. Regionalliga - Zone H;6;4;Basel SG 3;Timothée Cuénod;1492;SG Riehen 3;Poyraz Canatar;1338;1 - 1
SGM;2024/25;3. Regionalliga - Zone H;6;1;Jura 1;Pierre Lachat;1747;Porrentruy Echiquier Bruntrutain 4;Claude Desboeufs;1459;2 - 0
SGM;2024/25;3. Regionalliga - Zone H;6;2;Porrentruy Echiquier Bruntrutain 4;Marco Retti;1523;Jura 1;Raymond Gétaz;1766;2 - 0
SGM;2024/25;3. Regionalliga - Zone H;6;3;Jura 1;Philippe Michel;1923;Porrentruy Echiquier Bruntrutain 4;Luca Schaller;1200;2 - 0
SGM;2024/25;3. Regionalliga - Zone H;6;4;Porrentruy Echiquier Bruntrutain 4;;;Jura 1;Gilles Droux;1874;0 - 2
SGM;2024/25;3. Regionalliga - Zone H;6;1;Porrentruy Echiquier Bruntrutain 3;Erwan Bourquard;1442;Rhy-Rheinfelden 2;Beat Hartmann;1686;0 - 2
SGM;2024/25;3. Regionalliga - Zone H;6;2;Rhy-Rheinfelden 2;Hansruedi Jost;1200;Porrentruy Echiquier Bruntrutain 3;Eliot Greiner;1783;0 - 2
SGM;2024/25;3. Regionalliga - Zone H;6;3;Porrentruy Echiquier Bruntrutain 3;Kevin Seewer;1450;Rhy-Rheinfelden 2;Stephan Eliczi;1322;2 - 0
SGM;2024/25;3. Regionalliga - Zone H;6;4;Rhy-Rheinfelden 2;Gustavo Barros;1643;Porrentruy Echiquier Bruntrutain 3;Nicolas Charpié;1200;0 - 2
SGM;2024/25;3. Regionalliga - Zone H;7;1;Porrentruy Echiquier Bruntrutain 4;Elina Meusy;;Basel SG 3;Lukas Ehlers;1660;0 - 2
SGM;2024/25;3. Regionalliga - Zone H;7;2;Basel SG 3;Hans Frischknecht;1767;Porrentruy Echiquier Bruntrutain 4;Claude Desboeufs;1459;0 - 2
SGM;2024/25;3. Regionalliga - Zone H;7;3;Porrentruy Echiquier Bruntrutain 4;;;Basel SG 3;Nikita Cardinaux;1704;0 - 2
SGM;2024/25;3. Regionalliga - Zone H;7;4;Basel SG 3;Peter Mattmann;1743;Porrentruy Echiquier Bruntrutain 4;Isaac Chaignat;1400;2 - 0
SGM;2024/25;3. Regionalliga - Zone H;7;1;Rhy-Rheinfelden 2;Beat Hartmann;1686;Jura 1;Quentin Di Meo;1698;0 - 2
SGM;2024/25;3. Regionalliga - Zone H;7;2;Jura 1;Pierre Lachat;1747;Rhy-Rheinfelden 2;Gustavo Barros;1643;2 - 0
SGM;2024/25;3. Regionalliga - Zone H;7;3;Rhy-Rheinfelden 2;Hansruedi Jost;1200;Jura 1;Philippe Michel;1923;1 - 1
SGM;2024/25;3. Regionalliga - Zone H;7;4;Jura 1;Jean-Pierre Babey;1839;Rhy-Rheinfelden 2;Stephan Eliczi;1322;2 - 0
SGM;2024/25;3. Regionalliga - Zone H;7;1;Porrentruy Echiquier Bruntrutain 3;Martin Schneider;1450;Therwil 2;Philipp Willimann;1739;1 - 1
SGM;2024/25;3. Regionalliga - Zone H;7;2;Therwil 2;Timo Schmidt;1445;Porrentruy Echiquier Bruntrutain 3;Alexis Loetscher;1566;2 - 0
SGM;2024/25;3. Regionalliga - Zone H;7;3;Porrentruy Echiquier Bruntrutain 3;Cyril Farrer;1538;Therwil 2;;;0 - 2
SGM;2024/25;3. Regionalliga - Zone H;7;4;Therwil 2;;;Porrentruy Echiquier Bruntrutain 3;Nicolas Charpié;1200;0 - 2
SGM;2025/26;2. Regionalliga - Zone D;1;1;SK Bern 2;Jonas Mosimann;1513;Köniz-Wabern 1;Hansueli Lüthi;1790;1 - 1
SGM;2025/26;2. Regionalliga - Zone D;1;2;Köniz-Wabern 1;Hans Hofmann;1834;SK Bern 2;Ivan Wissler;1656;2 - 0
SGM;2025/26;2. Regionalliga - Zone D;1;3;SK Bern 2;Luca D'Arcangelo;1582;Köniz-Wabern 1;Ferdinand Krebs;1828;1 - 1
SGM;2025/26;2. Regionalliga - Zone D;1;4;Köniz-Wabern 1;Serge Serempus;1953;SK Bern 2;Tomas Giuseppe Petruccello;1881;0 - 2
SGM;2025/26;2. Regionalliga - Zone D;1;5;SK Bern 2;Jose Juan Rueda Gaona;1658;Köniz-Wabern 1;Heinz Fankhauser;1703;1 - 1
SGM;2025/26;2. Regionalliga - Zone D;1;1;Basel SG 2;Frank Weidt;2062;Rhy Rheinfelden 1;Josef Koch;1916;0 - 2
SGM;2025/26;2. Regionalliga - Zone D;1;2;Rhy Rheinfelden 1;Az Damdinsuren;1886;Basel SG 2;Hans Frischknecht;1767;2 - 0
SGM;2025/26;2. Regionalliga - Zone D;1;3;Basel SG 2;Ruth Bohrer;1912;Rhy Rheinfelden 1;Rolf Haag;1592;2 - 0
SGM;2025/26;2. Regionalliga - Zone D;1;4;Rhy Rheinfelden 1;André Schneider;1556;Basel SG 2;Jürg Gerschwiler;1983;0 - 2
SGM;2025/26;2. Regionalliga - Zone D;1;5;Basel SG 2;Daniel Jost;1884;Rhy Rheinfelden 1;Gustavo Barros;1643;2 - 0
SGM;2025/26;2. Regionalliga - Zone D;1;1;Trümmerfeld 2;Peter Polanyi;1953;Kirchberg 2;René Tanner;1777;2 - 0
SGM;2025/26;2. Regionalliga - Zone D;1;2;Kirchberg 2;M'hamed Moulay Heniche;1602;Trümmerfeld 2;Helmut Locher;1645;0 - 2
SGM;2025/26;2. Regionalliga - Zone D;1;3;Trümmerfeld 2;Franz Meier;1856;Kirchberg 2;Roger Tanner;1629;1 - 1
SGM;2025/26;2. Regionalliga - Zone D;1;4;Kirchberg 2;René Weber;1734;Trümmerfeld 2;Martin Birchmeier;1828;0 - 2
SGM;2025/26;2. Regionalliga - Zone D;1;5;Trümmerfeld 2;Jürgen Denzel;1645;Kirchberg 2;Henryk Zmyslowski;1799;0 - 2
SGM;2025/26;2. Regionalliga - Zone D;1;1;SK Bümpliz 1;Dominic Bucher;1200;Langenthal 1;Fredy Lindegger;1859;0 - 2
SGM;2025/26;2. Regionalliga - Zone D;1;2;Langenthal 1;Roland Kämpfer;1778;SK Bümpliz 1;Andreas Tschöpe;1801;0 - 2
SGM;2025/26;2. Regionalliga - Zone D;1;3;SK Bümpliz 1;Rolf Schmid;1996;Langenthal 1;Lukas Müller;1938;1 - 1
SGM;2025/26;2. Regionalliga - Zone D;1;4;Langenthal 1;Hanspeter Luginbühl;1752;SK Bümpliz 1;Claudio Sieber;1760;1 - 1
SGM;2025/26;2. Regionalliga - Zone D;1;5;SK Bümpliz 1;Stefan Esper;1450;Langenthal 1;Dean Bärtschi;1607;2 - 0
SGM;2025/26;2. Regionalliga - Zone D;2;1;SK Bern 2;Luca Marbacher;1679;Kirchberg 2;M'hamed Moulay Heniche;1602;1 - 1
SGM;2025/26;2. Regionalliga - Zone D;2;2;Kirchberg 2;Hanspeter Schüpbach;1637;SK Bern 2;Tobias Habegger;1807;1 - 1
SGM;2025/26;2. Regionalliga - Zone D;2;3;SK Bern 2;Jose Juan Rueda Gaona;1658;Kirchberg 2;René Weber;1734;2 - 0
SGM;2025/26;2. Regionalliga - Zone D;2;4;Kirchberg 2;Roger Tanner;1629;SK Bern 2;Jonas Mosimann;1513;0 - 2
SGM;2025/26;2. Regionalliga - Zone D;2;5;SK Bern 2;Ivan Wissler;1656;Kirchberg 2;Daniel Stegmann;1760;1 - 1
SGM;2025/26;2. Regionalliga - Zone D;2;1;Langenthal 1;Fredy Lindegger;1859;Basel SG 2;Frank Weidt;2062;0 - 2
SGM;2025/26;2. Regionalliga - Zone D;2;2;Basel SG 2;Timothée Cuénod;1492;Langenthal 1;Christoph F. Kuert;2036;0 - 2
SGM;2025/26;2. Regionalliga - Zone D;2;3;Langenthal 1;Mentor Zeqiraj;2002;Basel SG 2;Jürg Gerschwiler;1983;2 - 0
SGM;2025/26;2. Regionalliga - Zone D;2;4;Basel SG 2;Eric Ellenbroek;1778;Langenthal 1;Alfred Birrer;1791;0 - 2
SGM;2025/26;2. Regionalliga - Zone D;2;5;Langenthal 1;Hanspeter Luginbühl;1752;Basel SG 2;Thomas Stöckli;1792;2 - 0
SGM;2025/26;2. Regionalliga - Zone D;2;1;Köniz-Wabern 1;Hans Hofmann;1834;SK Bümpliz 1;Christian Esper;1463;0 - 2
SGM;2025/26;2. Regionalliga - Zone D;2;2;SK Bümpliz 1;Claudio Sieber;1760;Köniz-Wabern 1;Ferdinand Krebs;1828;1 - 1
SGM;2025/26;2. Regionalliga - Zone D;2;3;Köniz-Wabern 1;Serge Serempus;1953;SK Bümpliz 1;Rolf Schmid;1996;1 - 1
SGM;2025/26;2. Regionalliga - Zone D;2;4;SK Bümpliz 1;Andreas Tschöpe;1801;Köniz-Wabern 1;;;2 - 0
SGM;2025/26;2. Regionalliga - Zone D;2;5;Köniz-Wabern 1;Poedjo Suwendo;1840;SK Bümpliz 1;Ramon Vinas Torne;1800;0 - 2
SGM;2025/26;2. Regionalliga - Zone D;2;1;Trümmerfeld 2;Peter Polanyi;1953;Rhy Rheinfelden 1;Az Damdinsuren;1886;1 - 1
SGM;2025/26;2. Regionalliga - Zone D;2;2;Rhy Rheinfelden 1;Rolf Haag;1592;Trümmerfeld 2;Helmut Locher;1645;0 - 2
SGM;2025/26;2. Regionalliga - Zone D;2;3;Trümmerfeld 2;Franz Meier;1856;Rhy Rheinfelden 1;André Schneider;1556;1 - 1
SGM;2025/26;2. Regionalliga - Zone D;2;4;Rhy Rheinfelden 1;Werner Kämpfe;1688;Trümmerfeld 2;Martin Birchmeier;1828;0 - 2
SGM;2025/26;2. Regionalliga - Zone D;2;5;Trümmerfeld 2;Michel Gogniat;1823;Rhy Rheinfelden 1;Gustavo Barros;1643;1 - 1
SGM;2025/26;2. Regionalliga - Zone D;3;1;Basel SG 2;Thomas Häring;1979;SK Bern 2;Tomas Giuseppe Petruccello;1881;2 - 0
SGM;2025/26;2. Regionalliga - Zone D;3;2;SK Bern 2;Matteo Mosimann;1586;Basel SG 2;Hans Frischknecht;1767;2 - 0
SGM;2025/26;2. Regionalliga - Zone D;3;3;Basel SG 2;Daniel Jost;1884;SK Bern 2;Luca Marbacher;1679;1 - 1
SGM;2025/26;2. Regionalliga - Zone D;3;4;SK Bern 2;Jose Juan Rueda Gaona;1658;Basel SG 2;Jürg Gerschwiler;1983;0 - 2
SGM;2025/26;2. Regionalliga - Zone D;3;5;Basel SG 2;Ruth Bohrer;1912;SK Bern 2;Luca D'Arcangelo;1582;1 - 1
SGM;2025/26;2. Regionalliga - Zone D;3;1;Kirchberg 2;Ziad Kanana;1433;Köniz-Wabern 1;Hansueli Lüthi;1790;2 - 0
SGM;2025/26;2. Regionalliga - Zone D;3;2;Köniz-Wabern 1;Hans Hofmann;1834;Kirchberg 2;Matthew Haldimann;1380;1 - 1
SGM;2025/26;2. Regionalliga - Zone D;3;3;Kirchberg 2;Henryk Zmyslowski;1799;Köniz-Wabern 1;Ferdinand Krebs;1828;1 - 1
SGM;2025/26;2. Regionalliga - Zone D;3;4;Köniz-Wabern 1;Serge Serempus;1953;Kirchberg 2;Matia Lamy-Chappuis;1200;1 - 1
SGM;2025/26;2. Regionalliga - Zone D;3;5;Kirchberg 2;René Weber;1734;Köniz-Wabern 1;Poedjo Suwendo;1840;1 - 1
SGM;2025/26;2. Regionalliga - Zone D;3;1;Rhy Rheinfelden 1;Josef Koch;1916;Langenthal 1;Lukas Müller;1938;0 - 2
SGM;2025/26;2. Regionalliga - Zone D;3;2;Langenthal 1;Hanspeter Luginbühl;1752;Rhy Rheinfelden 1;Janis Steinacher;1937;0 - 2
SGM;2025/26;2. Regionalliga - Zone D;3;3;Rhy Rheinfelden 1;Az Damdinsuren;1886;Langenthal 1;Michael Zeller;1615;2 - 0
SGM;2025/26;2. Regionalliga - Zone D;3;4;Langenthal 1;Maurice Guyot;1200;Rhy Rheinfelden 1;Volker Wessely;1854;1 - 1
SGM;2025/26;2. Regionalliga - Zone D;3;5;Rhy Rheinfelden 1;Rolf Haag;1592;Langenthal 1;Jonas Schwegler;1648;2 - 0
SGM;2025/26;2. Regionalliga - Zone D;3;1;SK Bümpliz 1;Christian Esper;1463;Trümmerfeld 2;Peter Polanyi;1953;2 - 0
SGM;2025/26;2. Regionalliga - Zone D;3;2;Trümmerfeld 2;Franz Meier;1856;SK Bümpliz 1;Dominic Bucher;1200;0 - 2
SGM;2025/26;2. Regionalliga - Zone D;3;3;SK Bümpliz 1;Claudio Sieber;1760;Trümmerfeld 2;Jürgen Denzel;1645;1 - 1
SGM;2025/26;2. Regionalliga - Zone D;3;4;Trümmerfeld 2;Tobias Fuhrer;1502;SK Bümpliz 1;Ramon Vinas Torne;1800;0 - 2
SGM;2025/26;2. Regionalliga - Zone D;3;5;SK Bümpliz 1;Andreas Tschöpe;1801;Trümmerfeld 2;Martin Fankhauser;1705;0 - 2
SGM;2025/26;2. Regionalliga - Zone D;4;1;SK Bern 2;Tobias Habegger;1807;Trümmerfeld 2;Peter Polanyi;1953;0 - 2
SGM;2025/26;2. Regionalliga - Zone D;4;2;Trümmerfeld 2;Romain Salamanca;1867;SK Bern 2;Luca D'Arcangelo;1582;0 - 2
SGM;2025/26;2. Regionalliga - Zone D;4;3;SK Bern 2;Tomas Giuseppe Petruccello;1881;Trümmerfeld 2;Jürgen Denzel;1645;2 - 0
SGM;2025/26;2. Regionalliga - Zone D;4;4;Trümmerfeld 2;Tobias Fuhrer;1502;SK Bern 2;Jonas Mosimann;1513;0 - 2
SGM;2025/26;2. Regionalliga - Zone D;4;5;SK Bern 2;Jose Juan Rueda Gaona;1658;Trümmerfeld 2;Martin Fankhauser;1705;0 - 2
SGM;2025/26;2. Regionalliga - Zone D;4;1;Rhy Rheinfelden 1;Az Damdinsuren;1886;SK Bümpliz 1;Dominic Bucher;1200;2 - 0
SGM;2025/26;2. Regionalliga - Zone D;4;2;SK Bümpliz 1;Andreas Tschöpe;1801;Rhy Rheinfelden 1;Josef Koch;1916;1 - 1
SGM;2025/26;2. Regionalliga - Zone D;4;3;Rhy Rheinfelden 1;Rolf Haag;1592;SK Bümpliz 1;Christian Esper;1463;0 - 2
SGM;2025/26;2. Regionalliga - Zone D;4;4;SK Bümpliz 1;Rolf Schmid;1996;Rhy Rheinfelden 1;Gustavo Barros;1643;0 - 2
SGM;2025/26;2. Regionalliga - Zone D;4;5;Rhy Rheinfelden 1;Robert Kaiser;1582;SK Bümpliz 1;Claudio Sieber;1760;0 - 2
SGM;2025/26;2. Regionalliga - Zone D;4;1;Langenthal 1;Roger Flückiger;1675;Köniz-Wabern 1;Hansueli Lüthi;1790;2 - 0
SGM;2025/26;2. Regionalliga - Zone D;4;2;Köniz-Wabern 1;Hans Hofmann;1834;Langenthal 1;Roland Kämpfer;1778;1 - 1
SGM;2025/26;2. Regionalliga - Zone D;4;3;Langenthal 1;Georg Flückiger;1713;Köniz-Wabern 1;Ferdinand Krebs;1828;1 - 1
SGM;2025/26;2. Regionalliga - Zone D;4;4;Köniz-Wabern 1;Heinz Fankhauser;1703;Langenthal 1;Hanspeter Luginbühl;1752;1 - 1
SGM;2025/26;2. Regionalliga - Zone D;4;5;Langenthal 1;Nicola Belfanti;1426;Köniz-Wabern 1;Poedjo Suwendo;1840;1 - 1
SGM;2025/26;2. Regionalliga - Zone D;4;1;Basel SG 2;Hanspeter Marti;1811;Kirchberg 2;Henryk Zmyslowski;1799;1 - 1
SGM;2025/26;2. Regionalliga - Zone D;4;2;Kirchberg 2;René Tanner;1777;Basel SG 2;Jürg Gerschwiler;1983;0 - 2
SGM;2025/26;2. Regionalliga - Zone D;4;3;Basel SG 2;Eric Ellenbroek;1778;Kirchberg 2;Hanspeter Schüpbach;1637;2 - 0
SGM;2025/26;2. Regionalliga - Zone D;4;4;Kirchberg 2;René Weber;1734;Basel SG 2;Carlos Amado-Blanco;1798;0 - 2
SGM;2025/26;2. Regionalliga - Zone D;4;5;Basel SG 2;Ruth Bohrer;1912;Kirchberg 2;Roger Tanner;1629;1 - 1
SGM;2025/26;2. Regionalliga - Zone D;5;1;Rhy Rheinfelden 1;Az Damdinsuren;1886;SK Bern 2;Luca D'Arcangelo;1582;0 - 2
SGM;2025/26;2. Regionalliga - Zone D;5;2;SK Bern 2;Jonas Mosimann;1513;Rhy Rheinfelden 1;André Schneider;1556;2 - 0
SGM;2025/26;2. Regionalliga - Zone D;5;3;Rhy Rheinfelden 1;Adam Bonic;1761;SK Bern 2;Jose Juan Rueda Gaona;1658;2 - 0
SGM;2025/26;2. Regionalliga - Zone D;5;4;SK Bern 2;Luca Marbacher;1679;Rhy Rheinfelden 1;Rolf Haag;1592;1 - 1
SGM;2025/26;2. Regionalliga - Zone D;5;5;Rhy Rheinfelden 1;Werner Kämpfe;1688;SK Bern 2;Tobias Habegger;1807;0 - 2
SGM;2025/26;2. Regionalliga - Zone D;5;1;Trümmerfeld 2;Peter Polanyi;1953;Köniz-Wabern 1;Hansueli Lüthi;1790;2 - 0
SGM;2025/26;2. Regionalliga - Zone D;5;2;Köniz-Wabern 1;Hans Hofmann;1834;Trümmerfeld 2;Bernd Sperzel;1877;1 - 1
SGM;2025/26;2. Regionalliga - Zone D;5;3;Trümmerfeld 2;Michel Gogniat;1823;Köniz-Wabern 1;Ferdinand Krebs;1828;2 - 0
SGM;2025/26;2. Regionalliga - Zone D;5;4;Köniz-Wabern 1;Heinz Fankhauser;1703;Trümmerfeld 2;Martin Birchmeier;1828;0 - 2
SGM;2025/26;2. Regionalliga - Zone D;5;5;Trümmerfeld 2;Jürgen Denzel;1645;Köniz-Wabern 1;Poedjo Suwendo;1840;0 - 2
SGM;2025/26;2. Regionalliga - Zone D;5;1;SK Bümpliz 1;Christian Esper;1463;Basel SG 2;Jürg Gerschwiler;1983;2 - 0
SGM;2025/26;2. Regionalliga - Zone D;5;2;Basel SG 2;Thomas Häring;1979;SK Bümpliz 1;Claudio Sieber;1760;1 - 1
SGM;2025/26;2. Regionalliga - Zone D;5;3;SK Bümpliz 1;Dominic Bucher;1200;Basel SG 2;Peter Zobrist;1577;2 - 0
SGM;2025/26;2. Regionalliga - Zone D;5;4;Basel SG 2;Eric Ellenbroek;1778;SK Bümpliz 1;Firas Elhamdi;1688;1 - 1
SGM;2025/26;2. Regionalliga - Zone D;5;5;SK Bümpliz 1;Rolf Schmid;1996;Basel SG 2;Peter Mattmann;1743;2 - 0
SGM;2025/26;2. Regionalliga - Zone D;5;1;Kirchberg 2;M'hamed Moulay Heniche;1602;Langenthal 1;Fredy Lindegger;1859;0 - 2
SGM;2025/26;2. Regionalliga - Zone D;5;2;Langenthal 1;Lukas Müller;1938;Kirchberg 2;Daniel Stegmann;1760;2 - 0
SGM;2025/26;2. Regionalliga - Zone D;5;3;Kirchberg 2;Marc Grossenbacher;1491;Langenthal 1;Michael Zeller;1615;0 - 2
SGM;2025/26;2. Regionalliga - Zone D;5;4;Langenthal 1;Hanspeter Luginbühl;1752;Kirchberg 2;René Weber;1734;0 - 2
SGM;2025/26;2. Regionalliga - Zone D;5;5;Kirchberg 2;Hanspeter Schüpbach;1637;Langenthal 1;Maurice Guyot;1200;2 - 0
SGM;2025/26;2. Regionalliga - Zone D;6;1;SK Bern 2;Matteo Mosimann;1586;SK Bümpliz 1;Claudio Sieber;1760;1 - 1
SGM;2025/26;2. Regionalliga - Zone D;6;2;SK Bümpliz 1;Rolf Schmid;1996;SK Bern 2;Luca Marbacher;1679;1 - 1
SGM;2025/26;2. Regionalliga - Zone D;6;3;SK Bern 2;Jonas Mosimann;1513;SK Bümpliz 1;Christian Esper;1463;0 - 2
SGM;2025/26;2. Regionalliga - Zone D;6;4;SK Bümpliz 1;Dominic Bucher;1200;SK Bern 2;Jose Juan Rueda Gaona;1658;2 - 0
SGM;2025/26;2. Regionalliga - Zone D;6;5;SK Bern 2;Tomas Giuseppe Petruccello;1881;SK Bümpliz 1;Andreas Tschöpe;1801;2 - 0
SGM;2025/26;2. Regionalliga - Zone D;6;1;Trümmerfeld 2;Peter Polanyi;1953;Langenthal 1;Lukas Müller;1938;0 - 2
SGM;2025/26;2. Regionalliga - Zone D;6;2;Langenthal 1;Michael Zeller;1615;Trümmerfeld 2;Helmut Locher;1645;1 - 1
SGM;2025/26;2. Regionalliga - Zone D;6;3;Trümmerfeld 2;Franz Meier;1856;Langenthal 1;Christoph F. Kuert;2036;1 - 1
SGM;2025/26;2. Regionalliga - Zone D;6;4;Langenthal 1;Markus Meister;1350;Trümmerfeld 2;Romain Salamanca;1867;0 - 2
SGM;2025/26;2. Regionalliga - Zone D;6;5;Trümmerfeld 2;Michel Gogniat;1823;Langenthal 1;Jonas Schwegler;1648;2 - 0
SGM;2025/26;2. Regionalliga - Zone D;6;1;Kirchberg 2;Daniel Stegmann;1760;Rhy Rheinfelden 1;Az Damdinsuren;1886;2 - 0
SGM;2025/26;2. Regionalliga - Zone D;6;2;Rhy Rheinfelden 1;Rolf Haag;1592;Kirchberg 2;Henryk Zmyslowski;1799;0 - 2
SGM;2025/26;2. Regionalliga - Zone D;6;3;Kirchberg 2;Roger Tanner;1629;Rhy Rheinfelden 1;Adam Bonic;1761;2 - 0
SGM;2025/26;2. Regionalliga - Zone D;6;4;Rhy Rheinfelden 1;Darmen Konysbekov;1628;Kirchberg 2;Matia Lamy-Chappuis;1200;1 - 1
SGM;2025/26;2. Regionalliga - Zone D;6;5;Kirchberg 2;René Weber;1734;Rhy Rheinfelden 1;Gustavo Barros;1643;0 - 2
SGM;2025/26;2. Regionalliga - Zone D;6;1;Köniz-Wabern 1;Heinz Fankhauser;1703;Basel SG 2;Thomas Häring;1979;0 - 2
SGM;2025/26;2. Regionalliga - Zone D;6;2;Basel SG 2;Eric Ellenbroek;1778;Köniz-Wabern 1;Hansueli Lüthi;1790;1 - 1
SGM;2025/26;2. Regionalliga - Zone D;6;3;Köniz-Wabern 1;Hans Hofmann;1834;Basel SG 2;Carlos Amado-Blanco;1798;1 - 1
SGM;2025/26;2. Regionalliga - Zone D;6;4;Basel SG 2;Peter Zobrist;1577;Köniz-Wabern 1;Ferdinand Krebs;1828;0 - 2
SGM;2025/26;2. Regionalliga - Zone D;6;5;Köniz-Wabern 1;Poedjo Suwendo;1840;Basel SG 2;Jürg Gerschwiler;1983;0 - 2
SGM;2025/26;2. Regionalliga - Zone D;7;1;Langenthal 1;Lukas Müller;1938;SK Bern 2;Jose Juan Rueda Gaona;1658;2 - 0
SGM;2025/26;2. Regionalliga - Zone D;7;2;SK Bern 2;Luca D'Arcangelo;1582;Langenthal 1;Roland Kämpfer;1778;0 - 2
SGM;2025/26;2. Regionalliga - Zone D;7;3;Langenthal 1;Hanspeter Luginbühl;1752;SK Bern 2;Matteo Mosimann;1586;2 - 0
SGM;2025/26;2. Regionalliga - Zone D;7;4;SK Bern 2;Tobias Habegger;1807;Langenthal 1;Maurice Guyot;1200;2 - 0
SGM;2025/26;2. Regionalliga - Zone D;7;5;Langenthal 1;Alfred Birrer;1791;SK Bern 2;Jonas Mosimann;1513;2 - 0
SGM;2025/26;2. Regionalliga - Zone D;7;1;Kirchberg 2;René Tanner;1777;SK Bümpliz 1;Dominic Bucher;1200;1 - 1
SGM;2025/26;2. Regionalliga - Zone D;7;2;SK Bümpliz 1;Claudio Sieber;1760;Kirchberg 2;Daniel Stegmann;1760;2 - 0
SGM;2025/26;2. Regionalliga - Zone D;7;3;Kirchberg 2;Henryk Zmyslowski;1799;SK Bümpliz 1;Andreas Tschöpe;1801;0 - 2
SGM;2025/26;2. Regionalliga - Zone D;7;4;SK Bümpliz 1;Ramon Vinas Torne;1800;Kirchberg 2;Florian Bodmer;1450;2 - 0
SGM;2025/26;2. Regionalliga - Zone D;7;5;Kirchberg 2;Hanspeter Schüpbach;1637;SK Bümpliz 1;Firas Elhamdi;1688;0 - 2
SGM;2025/26;2. Regionalliga - Zone D;7;1;Basel SG 2;Daniel Jost;1884;Trümmerfeld 2;Moritz Weegen;1755;1 - 1
SGM;2025/26;2. Regionalliga - Zone D;7;2;Trümmerfeld 2;Franz Meier;1856;Basel SG 2;Jürg Gerschwiler;1983;0 - 2
SGM;2025/26;2. Regionalliga - Zone D;7;3;Basel SG 2;Thomas Häring;1979;Trümmerfeld 2;Peter Polanyi;1953;1 - 1
SGM;2025/26;2. Regionalliga - Zone D;7;4;Trümmerfeld 2;Tobias Fuhrer;1502;Basel SG 2;Hanspeter Marti;1811;0 - 2
SGM;2025/26;2. Regionalliga - Zone D;7;5;Basel SG 2;Lukas Ehlers;1660;Trümmerfeld 2;Vinzenz Zehnder;1712;0 - 2
SGM;2025/26;2. Regionalliga - Zone D;7;1;Köniz-Wabern 1;Serge Serempus;1953;Rhy Rheinfelden 1;Az Damdinsuren;1886;0 - 2
SGM;2025/26;2. Regionalliga - Zone D;7;2;Rhy Rheinfelden 1;Darmen Konysbekov;1628;Köniz-Wabern 1;Ferdinand Krebs;1828;0 - 2
SGM;2025/26;2. Regionalliga - Zone D;7;3;Köniz-Wabern 1;Hans Hofmann;1834;Rhy Rheinfelden 1;Gustavo Barros;1643;0 - 2
SGM;2025/26;2. Regionalliga - Zone D;7;4;Rhy Rheinfelden 1;Norbert Rudschuck;1661;Köniz-Wabern 1;Heinz Fankhauser;1703;1 - 1
SGM;2025/26;2. Regionalliga - Zone D;7;5;Köniz-Wabern 1;Poedjo Suwendo;1840;Rhy Rheinfelden 1;Ismail Irfan Ödül;1477;0 - 2
SGM;2025/26;3. Regionalliga - Zone K;1;1;Porrentruy Echiquier Bruntrutain 4;Isaac Chaignat;1400;Porrentruy Echiquier Bruntrutain 3;Alec Schneider;1450;0 - 2
SGM;2025/26;3. Regionalliga - Zone K;1;2;Porrentruy Echiquier Bruntrutain 3;Martin Schneider;1450;Porrentruy Echiquier Bruntrutain 4;Lucas Reyes;1408;1 - 1
SGM;2025/26;3. Regionalliga - Zone K;1;3;Porrentruy Echiquier Bruntrutain 4;Luca Schaller;1200;Porrentruy Echiquier Bruntrutain 3;Alexis Loetscher;1566;0 - 2
SGM;2025/26;3. Regionalliga - Zone K;1;4;Porrentruy Echiquier Bruntrutain 3;Cyril Farrer;1538;Porrentruy Echiquier Bruntrutain 4;Elina Meusy;;2 - 0
SGM;2025/26;3. Regionalliga - Zone K;1;1;Olten 3;Lukas Rosenkranz;2161;Basel SG 3;Claude Monnat;1727;2 - 0
SGM;2025/26;3. Regionalliga - Zone K;1;2;Basel SG 3;Peter Mattmann;1743;Olten 3;Walter Stegmaier;2006;2 - 0
SGM;2025/26;3. Regionalliga - Zone K;1;3;Olten 3;Markus Angst;1739;Basel SG 3;Nikita Cardinaux;1704;1 - 1
SGM;2025/26;3. Regionalliga - Zone K;1;4;Basel SG 3;Stephan Bonauer;1473;Olten 3;Guido Born;1708;0 - 2
SGM;2025/26;3. Regionalliga - Zone K;1;1;SG Riehen 3;Vishak Chockalingam;1200;Rhy Rheinfelden 2;Stephan Eliczi;1322;2 - 0
SGM;2025/26;3. Regionalliga - Zone K;1;2;Rhy Rheinfelden 2;Darmen Konysbekov;1628;SG Riehen 3;Beat Spielmann;1766;0 - 2
SGM;2025/26;3. Regionalliga - Zone K;1;3;SG Riehen 3;Dario Wachholz;1531;Rhy Rheinfelden 2;Ismail Irfan Ödül;1477;2 - 0
SGM;2025/26;3. Regionalliga - Zone K;1;4;Rhy Rheinfelden 2;Moritz Ferstl;;SG Riehen 3;Ian Bishop;1582;0 - 2
SGM;2025/26;3. Regionalliga - Zone K;1;1;Therwil 2;Serge Soghbatyan;1200;DSSP 1;Vincent Navarini;1324;0 - 2
SGM;2025/26;3. Regionalliga - Zone K;1;2;DSSP 1;Jurij Luisier;1200;Therwil 2;Orkun Fluri;1523;2 - 0
SGM;2025/26;3. Regionalliga - Zone K;1;3;Therwil 2;Vito Lo Presti;1350;DSSP 1;Matei Barrera;1494;0 - 2
SGM;2025/26;3. Regionalliga - Zone K;1;4;DSSP 1;John Gabele;1440;Therwil 2;Jasmin Maurer;1578;0 - 2
SGM;2025/26;3. Regionalliga - Zone K;2;1;Rhy Rheinfelden 2;Darmen Konysbekov;1628;Olten 3;Paul Niederer;1800;2 - 0
SGM;2025/26;3. Regionalliga - Zone K;2;2;Olten 3;Walter Stegmaier;2006;Rhy Rheinfelden 2;Vicentiu Bratosin;1756;2 - 0
SGM;2025/26;3. Regionalliga - Zone K;2;3;Rhy Rheinfelden 2;Ismail Irfan Ödül;1477;Olten 3;Peter Schmid;1701;0 - 2
SGM;2025/26;3. Regionalliga - Zone K;2;4;Olten 3;Guido Born;1708;Rhy Rheinfelden 2;Moritz Ferstl;;0 - 2
SGM;2025/26;3. Regionalliga - Zone K;2;1;Therwil 2;Serge Soghbatyan;1200;SG Riehen 3;Julian Antonetty;1754;0 - 2
SGM;2025/26;3. Regionalliga - Zone K;2;2;SG Riehen 3;Uwe Hecht;1776;Therwil 2;Jasmin Maurer;1578;2 - 0
SGM;2025/26;3. Regionalliga - Zone K;2;3;Therwil 2;Stephan Marsch;1496;SG Riehen 3;Dario Wachholz;1531;0 - 2
SGM;2025/26;3. Regionalliga - Zone K;2;4;SG Riehen 3;Ian Bishop;1582;Therwil 2;Vito Lo Presti;1350;1 - 1
SGM;2025/26;3. Regionalliga - Zone K;2;1;Porrentruy Echiquier Bruntrutain 3;Jean-Pierre Tisserand;1766;Basel SG 3;Claude Monnat;1727;1 - 1
SGM;2025/26;3. Regionalliga - Zone K;2;2;Basel SG 3;Peter Mattmann;1743;Porrentruy Echiquier Bruntrutain 3;Martin Schneider;1450;2 - 0
SGM;2025/26;3. Regionalliga - Zone K;2;3;Porrentruy Echiquier Bruntrutain 3;Eliot Greiner;1783;Basel SG 3;Nikita Cardinaux;1704;0 - 2
SGM;2025/26;3. Regionalliga - Zone K;2;4;Basel SG 3;Joel Cuénod;1590;Porrentruy Echiquier Bruntrutain 3;Alexis Loetscher;1566;2 - 0
SGM;2025/26;3. Regionalliga - Zone K;2;1;DSSP 1;Juri Meier;1285;Porrentruy Echiquier Bruntrutain 4;Claude Desboeufs;1459;0 - 2
SGM;2025/26;3. Regionalliga - Zone K;2;2;Porrentruy Echiquier Bruntrutain 4;Marco Retti;1523;DSSP 1;Jurij Luisier;1200;2 - 0
SGM;2025/26;3. Regionalliga - Zone K;2;3;DSSP 1;Matei Barrera;1494;Porrentruy Echiquier Bruntrutain 4;Luca Schaller;1200;2 - 0
SGM;2025/26;3. Regionalliga - Zone K;2;4;Porrentruy Echiquier Bruntrutain 4;Elina Meusy;;DSSP 1;John Gabele;1440;0 - 2
SGM;2025/26;3. Regionalliga - Zone K;3;1;Rhy Rheinfelden 2;Vicentiu Bratosin;1756;Porrentruy Echiquier Bruntrutain 3;Erwan Bourquard;1442;2 - 0
SGM;2025/26;3. Regionalliga - Zone K;3;2;Porrentruy Echiquier Bruntrutain 3;Martin Schneider;1450;Rhy Rheinfelden 2;Ismail Irfan Ödül;1477;1 - 1
SGM;2025/26;3. Regionalliga - Zone K;3;3;Rhy Rheinfelden 2;Roberto Bratosin;1473;Porrentruy Echiquier Bruntrutain 3;Alexis Loetscher;1566;0 - 2
SGM;2025/26;3. Regionalliga - Zone K;3;4;Porrentruy Echiquier Bruntrutain 3;Kevin Seewer;1450;Rhy Rheinfelden 2;Platon Klimov;;2 - 0
SGM;2025/26;3. Regionalliga - Zone K;3;1;SG Riehen 3;Julian Antonetty;1754;Porrentruy Echiquier Bruntrutain 4;Kenzo Hildwein;1776;2 - 0
SGM;2025/26;3. Regionalliga - Zone K;3;2;Porrentruy Echiquier Bruntrutain 4;Kenji Hildwein;1589;SG Riehen 3;Uwe Hecht;1776;0 - 2
SGM;2025/26;3. Regionalliga - Zone K;3;3;SG Riehen 3;Beat Spielmann;1766;Porrentruy Echiquier Bruntrutain 4;Elina Meusy;;2 - 0
SGM;2025/26;3. Regionalliga - Zone K;3;4;Porrentruy Echiquier Bruntrutain 4;;;SG Riehen 3;Sophie Anis;1200;0 - 2
SGM;2025/26;3. Regionalliga - Zone K;3;1;Olten 3;Paul Niederer;1800;Therwil 2;Stephan Marsch;1496;2 - 0
SGM;2025/26;3. Regionalliga - Zone K;3;2;Therwil 2;Serge Soghbatyan;1200;Olten 3;Walter Stegmaier;2006;0 - 2
SGM;2025/26;3. Regionalliga - Zone K;3;3;Olten 3;Markus Angst;1739;Therwil 2;Jasmin Maurer;1578;2 - 0
SGM;2025/26;3. Regionalliga - Zone K;3;4;Therwil 2;Vito Lo Presti;1350;Olten 3;Guido Born;1708;0 - 2
SGM;2025/26;3. Regionalliga - Zone K;3;1;Basel SG 3;Peter Mattmann;1743;DSSP 1;Huba Csonka;1222;2 - 0
SGM;2025/26;3. Regionalliga - Zone K;3;2;DSSP 1;Donat Csonka;1494;Basel SG 3;Nikita Cardinaux;1704;0 - 2
SGM;2025/26;3. Regionalliga - Zone K;3;3;Basel SG 3;Timothée Cuénod;1492;DSSP 1;Benedek Csonka;1205;2 - 0
SGM;2025/26;3. Regionalliga - Zone K;3;4;DSSP 1;John Gabele;1440;Basel SG 3;Claude Monnat;1727;2 - 0
SGM;2025/26;3. Regionalliga - Zone K;4;1;Therwil 2;Jasmin Maurer;1578;Porrentruy Echiquier Bruntrutain 3;Martin Schneider;1450;1 - 1
SGM;2025/26;3. Regionalliga - Zone K;4;2;Porrentruy Echiquier Bruntrutain 3;Kevin Seewer;1450;Therwil 2;Stephan Marsch;1496;2 - 0
SGM;2025/26;3. Regionalliga - Zone K;4;3;Therwil 2;Serge Soghbatyan;1200;Porrentruy Echiquier Bruntrutain 3;Kenji Hildwein;1589;1 - 1
SGM;2025/26;3. Regionalliga - Zone K;4;4;Porrentruy Echiquier Bruntrutain 3;Kenzo Hildwein;1776;Therwil 2;Vito Lo Presti;1350;2 - 0
SGM;2025/26;3. Regionalliga - Zone K;4;1;Porrentruy Echiquier Bruntrutain 4;Lucas Reyes;1408;Olten 3;Peter Schmid;1701;0 - 2
SGM;2025/26;3. Regionalliga - Zone K;4;2;Olten 3;Walter Stegmaier;2006;Porrentruy Echiquier Bruntrutain 4;Romain Nappez;1449;2 - 0
SGM;2025/26;3. Regionalliga - Zone K;4;3;Porrentruy Echiquier Bruntrutain 4;Luca Schaller;1200;Olten 3;Markus Angst;1739;1 - 1
SGM;2025/26;3. Regionalliga - Zone K;4;4;Olten 3;Guido Born;1708;Porrentruy Echiquier Bruntrutain 4;Isaac Chaignat;1400;2 - 0
SGM;2025/26;3. Regionalliga - Zone K;4;1;Basel SG 3;Peter Mattmann;1743;Rhy Rheinfelden 2;Vicentiu Bratosin;1756;0 - 2
SGM;2025/26;3. Regionalliga - Zone K;4;2;Rhy Rheinfelden 2;Darmen Konysbekov;1628;Basel SG 3;Hans Frischknecht;1767;2 - 0
SGM;2025/26;3. Regionalliga - Zone K;4;3;Basel SG 3;Nikita Cardinaux;1704;Rhy Rheinfelden 2;Moritz Ferstl;;2 - 0
SGM;2025/26;3. Regionalliga - Zone K;4;4;Rhy Rheinfelden 2;Roberto Bratosin;1473;Basel SG 3;Stephan Bonauer;1473;0 - 2
SGM;2025/26;3. Regionalliga - Zone K;4;1;DSSP 1;Jurij Luisier;1200;SG Riehen 3;Vishak Chockalingam;1200;1 - 1
SGM;2025/26;3. Regionalliga - Zone K;4;2;SG Riehen 3;Beatrice Ogrinz;1500;DSSP 1;Matei Barrera;1494;2 - 0
SGM;2025/26;3. Regionalliga - Zone K;4;3;DSSP 1;John Gabele;1440;SG Riehen 3;Danylo Synytskyi;1630;0 - 2
SGM;2025/26;3. Regionalliga - Zone K;4;4;SG Riehen 3;Dario Wachholz;1531;DSSP 1;Antoni Nowak-Przygodzki;1513;2 - 0
SGM;2025/26;3. Regionalliga - Zone K;5;1;Porrentruy Echiquier Bruntrutain 4;Romain Nappez;1449;Rhy Rheinfelden 2;Vicentiu Bratosin;1756;2 - 0
SGM;2025/26;3. Regionalliga - Zone K;5;2;Rhy Rheinfelden 2;Roland Fuchs;1450;Porrentruy Echiquier Bruntrutain 4;Lucas Reyes;1408;0 - 2
SGM;2025/26;3. Regionalliga - Zone K;5;3;Porrentruy Echiquier Bruntrutain 4;Elina Meusy;;Rhy Rheinfelden 2;Ismail Irfan Ödül;1477;0 - 2
SGM;2025/26;3. Regionalliga - Zone K;5;4;Rhy Rheinfelden 2;Roberto Bratosin;1473;Porrentruy Echiquier Bruntrutain 4;Luca Schaller;1200;0 - 2
SGM;2025/26;3. Regionalliga - Zone K;5;1;SG Riehen 3;Jonas Christian Hecht;2025;Olten 3;Walter Stegmaier;2006;2 - 0
SGM;2025/26;3. Regionalliga - Zone K;5;2;Olten 3;Paul Niederer;1800;SG Riehen 3;Uwe Hecht;1776;1 - 1
SGM;2025/26;3. Regionalliga - Zone K;5;3;SG Riehen 3;Daniel Marhöfer;1867;Olten 3;Guido Born;1708;2 - 0
SGM;2025/26;3. Regionalliga - Zone K;5;4;Olten 3;Markus Angst;1739;SG Riehen 3;Dario Wachholz;1531;1 - 1
SGM;2025/26;3. Regionalliga - Zone K;5;1;Therwil 2;Stephan Marsch;1496;Basel SG 3;Nikita Cardinaux;1704;0 - 2
SGM;2025/26;3. Regionalliga - Zone K;5;2;Basel SG 3;Timothée Cuénod;1492;Therwil 2;Jasmin Maurer;1578;2 - 0
SGM;2025/26;3. Regionalliga - Zone K;5;3;Therwil 2;Serge Soghbatyan;1200;Basel SG 3;Claude Monnat;1727;1 - 1
SGM;2025/26;3. Regionalliga - Zone K;5;4;Basel SG 3;Stephan Bonauer;1473;Therwil 2;Vito Lo Presti;1350;2 - 0
SGM;2025/26;3. Regionalliga - Zone K;5;1;Porrentruy Echiquier Bruntrutain 3;Jean-Pierre Tisserand;1766;DSSP 1;Jurij Luisier;1200;2 - 0
SGM;2025/26;3. Regionalliga - Zone K;5;2;DSSP 1;Matei Barrera;1494;Porrentruy Echiquier Bruntrutain 3;Alexis Loetscher;1566;2 - 0
SGM;2025/26;3. Regionalliga - Zone K;5;3;Porrentruy Echiquier Bruntrutain 3;Martin Schneider;1450;DSSP 1;Thomas Stevens;1200;1 - 1
SGM;2025/26;3. Regionalliga - Zone K;5;4;DSSP 1;John Gabele;1440;Porrentruy Echiquier Bruntrutain 3;Alexandre Sommer;;2 - 0
SGM;2025/26;3. Regionalliga - Zone K;6;1;Porrentruy Echiquier Bruntrutain 4;Lucas Reyes;1408;Therwil 2;Orkun Fluri;1523;0 - 2
SGM;2025/26;3. Regionalliga - Zone K;6;2;Therwil 2;Stephan Marsch;1496;Porrentruy Echiquier Bruntrutain 4;Romain Nappez;1449;0 - 2
SGM;2025/26;3. Regionalliga - Zone K;6;3;Porrentruy Echiquier Bruntrutain 4;Elina Meusy;;Therwil 2;Jasmin Maurer;1578;2 - 0
SGM;2025/26;3. Regionalliga - Zone K;6;4;Therwil 2;Joël Suter;;Porrentruy Echiquier Bruntrutain 4;Isaac Chaignat;1400;2 - 0
SGM;2025/26;3. Regionalliga - Zone K;6;1;Olten 3;Walter Stegmaier;2006;Porrentruy Echiquier Bruntrutain 3;Alexis Loetscher;1566;1 - 1
SGM;2025/26;3. Regionalliga - Zone K;6;2;Porrentruy Echiquier Bruntrutain 3;Martin Schneider;1450;Olten 3;Paul Niederer;1800;0 - 2
SGM;2025/26;3. Regionalliga - Zone K;6;3;Olten 3;Guido Born;1708;Porrentruy Echiquier Bruntrutain 3;Alexandre Sommer;;2 - 0
SGM;2025/26;3. Regionalliga - Zone K;6;4;Porrentruy Echiquier Bruntrutain 3;Erwan Bourquard;1442;Olten 3;Markus Angst;1739;0 - 2
SGM;2025/26;3. Regionalliga - Zone K;6;1;Basel SG 3;Peter Mattmann;1743;SG Riehen 3;Jonas Christian Hecht;2025;0 - 2
SGM;2025/26;3. Regionalliga - Zone K;6;2;SG Riehen 3;Uwe Hecht;1776;Basel SG 3;Nikita Cardinaux;1704;2 - 0
SGM;2025/26;3. Regionalliga - Zone K;6;3;Basel SG 3;Stephan Bonauer;1473;SG Riehen 3;Daniel Marhöfer;1867;0 - 2
SGM;2025/26;3. Regionalliga - Zone K;6;4;SG Riehen 3;Dario Wachholz;1531;Basel SG 3;Claude Monnat;1727;2 - 0
SGM;2025/26;3. Regionalliga - Zone K;6;1;DSSP 1;Severin Gunzinger;1443;Rhy Rheinfelden 2;Ismail Irfan Ödül;1477;2 - 0
SGM;2025/26;3. Regionalliga - Zone K;6;2;Rhy Rheinfelden 2;Hansruedi Jost;1200;DSSP 1;Jurij Luisier;1200;2 - 0
SGM;2025/26;3. Regionalliga - Zone K;6;3;DSSP 1;Matei Barrera;1494;Rhy Rheinfelden 2;Dario Schmid;;2 - 0
SGM;2025/26;3. Regionalliga - Zone K;6;4;Rhy Rheinfelden 2;Platon Klimov;;DSSP 1;John Gabele;1440;0 - 2
SGM;2025/26;3. Regionalliga - Zone K;7;1;Basel SG 3;Peter Mattmann;1743;Porrentruy Echiquier Bruntrutain 4;Claude Desboeufs;1459;2 - 0
SGM;2025/26;3. Regionalliga - Zone K;7;2;Porrentruy Echiquier Bruntrutain 4;Cédric Desboeufs;1781;Basel SG 3;Nikita Cardinaux;1704;2 - 0
SGM;2025/26;3. Regionalliga - Zone K;7;3;Basel SG 3;Miroslav Matkovic;1543;Porrentruy Echiquier Bruntrutain 4;Marco Retti;1523;0 - 2
SGM;2025/26;3. Regionalliga - Zone K;7;4;Porrentruy Echiquier Bruntrutain 4;Luca Schaller;1200;Basel SG 3;Stephan Bonauer;1473;0 - 2
SGM;2025/26;3. Regionalliga - Zone K;7;1;Porrentruy Echiquier Bruntrutain 3;Jean-Pierre Tisserand;1766;SG Riehen 3;Dario Wachholz;1531;0 - 2
SGM;2025/26;3. Regionalliga - Zone K;7;2;SG Riehen 3;Danylo Synytskyi;1630;Porrentruy Echiquier Bruntrutain 3;Alexis Loetscher;1566;2 - 0
SGM;2025/26;3. Regionalliga - Zone K;7;3;Porrentruy Echiquier Bruntrutain 3;Alexandre Sommer;;SG Riehen 3;Ian Bishop;1582;0 - 2
SGM;2025/26;3. Regionalliga - Zone K;7;4;SG Riehen 3;Lian Madhani;1200;Porrentruy Echiquier Bruntrutain 3;Martin Schneider;1450;0 - 2
SGM;2025/26;3. Regionalliga - Zone K;7;1;Rhy Rheinfelden 2;Vicentiu Bratosin;1756;Therwil 2;Orkun Fluri;1523;0 - 2
SGM;2025/26;3. Regionalliga - Zone K;7;2;Therwil 2;Joël Suter;;Rhy Rheinfelden 2;Beat Hartmann;1686;2 - 0
SGM;2025/26;3. Regionalliga - Zone K;7;3;Rhy Rheinfelden 2;Roberto Bratosin;1473;Therwil 2;Stephan Marsch;1496;2 - 0
SGM;2025/26;3. Regionalliga - Zone K;7;4;Therwil 2;Jasmin Maurer;1578;Rhy Rheinfelden 2;Roland Fuchs;1450;2 - 0
SGM;2025/26;3. Regionalliga - Zone K;7;1;Olten 3;Paul Niederer;1800;DSSP 1;Vincent Navarini;1324;1 - 1
SGM;2025/26;3. Regionalliga - Zone K;7;2;DSSP 1;Nikita Amirkhanov;1644;Olten 3;Walter Stegmaier;2006;1 - 1
SGM;2025/26;3. Regionalliga - Zone K;7;3;Olten 3;Jonathan Hüttinger;1713;DSSP 1;Jurij Luisier;1200;2 - 0
SGM;2025/26;3. Regionalliga - Zone K;7;4;DSSP 1;Matei Barrera;1494;Olten 3;Guido Born;1708;0 - 2